time_s,C1(mol/m^3),C2(mol/m^3),J1(mol/s),J2(mol/s),J_left_2D(mol/(m s)),J_right_2D(mol/(m s)),J_left_total(mol/s),J_right_total(mol/s),Int_C_domain(mol),balance(mol),target(mol),residual(mol),relative_residual
0.0,0.02,0.0,0.0,0.0,0.0,0.0,0.0,0.0,0.0,5e-06,5e-06,0.0,0.0
30.0,0.019999409290125045,1.498751408718722e-14,-4.9225822912819674e-12,1.2489595072656017e-19,-9.845164582563934e-10,2.4979190145312036e-17,-4.9225822912819674e-12,1.2489595072656017e-19,5.550778894164631e-10,5.0004074004244255e-06,5e-06,4.0740042442510843e-10,8.148008488502169e-05
60.0,0.019999043176255383,1.6416335589295004e-13,-3.0509489138870375e-12,1.2431320150480232e-18,-6.101897827774075e-10,2.4862640300960465e-16,-3.0509489138870375e-12,1.2431320150480232e-18,8.252868121080138e-10,5.000586080916994e-06,5e-06,5.860809169935824e-10,0.00011721618339871646
90.0,0.019998761575594857,9.428301451968986e-13,-2.346672171052523e-12,6.488889910866239e-18,-4.693344342105046e-10,1.2977779821732478e-15,-2.346672171052523e-12,6.488889910866239e-18,1.0297178925650014e-09,5.000720112026987e-06,5e-06,7.201120269864219e-10,0.00014402240539728437
120.0,0.01999852509234623,3.786364271443607e-12,-1.970693738569442e-12,2.3696117718722568e-17,-3.9413874771388843e-10,4.7392235437445135e-15,-1.970693738569442e-12,2.3696117718722568e-17,1.200392618407736e-09,5.000831666651556e-06,5e-06,8.316666515558978e-10,0.00016633333031117954
150.0,0.019998317428861833,1.1961701309072895e-11,-1.730529036636046e-12,6.812780864691073e-17,-3.461058073272092e-10,1.3625561729382145e-14,-1.730529036636046e-12,6.812780864691073e-17,1.3498441656910995e-09,5.000929204371574e-06,5e-06,9.292043715737863e-10,0.00018584087431475723
180.0,0.019998130150196636,3.170251016982388e-11,-1.5606555433007373e-12,1.6450674050625822e-16,-3.1213110866014744e-10,3.290134810125164e-14,-1.5606555433007373e-12,1.6450674050625822e-16,1.4843983944752045e-09,5.001016943869262e-06,5e-06,1.0169438692614411e-09,0.0002033887738522882
210.0,0.019997958252510536,7.340128924807414e-11,-1.4324807175201973e-12,3.474898256520854e-16,-2.8649614350403945e-10,6.949796513041707e-14,-1.4324807175201973e-12,3.474898256520854e-16,1.6077556728195344e-09,5.001097337150776e-06,5e-06,1.0973371507759456e-09,0.0002194674301551891
240.0,0.01999779848726525,1.5263263696502834e-10,-1.3313770440439856e-12,6.602612309746183e-16,-2.662754088087971e-10,1.3205224619492366e-13,-1.3313770440439856e-12,6.602612309746183e-16,1.7222938395753786e-09,5.001171953814047e-06,5e-06,1.1719538140464076e-09,0.0002343907628092815
270.0,0.019997648606702615,2.9081573959420937e-10,-1.2490046886287123e-12,1.1515258552431752e-15,-2.4980093772574244e-10,2.3030517104863505e-13,-1.2490046886287123e-12,1.1515258552431752e-15,1.8296423974138726e-09,5.0012418667770025e-06,5e-06,1.2418667770020854e-09,0.0002483733554004171
300.0,0.0199975069800956,5.15406582374866e-10,-1.1802217251117437e-12,1.8715903565054717e-15,-2.3604434502234873e-10,3.7431807130109434e-13,-1.1802217251117437e-12,1.8715903565054717e-15,1.9309708659795825e-09,5.001307844741526e-06,5e-06,1.3078447415252172e-09,0.00026156894830504343
330.0,0.019997372380301116,8.596057051028162e-10,-1.1216649540173805e-12,2.8683260227329184e-15,-2.243329908034761e-10,5.736652045465837e-13,-1.1216649540173805e-12,2.8683260227329184e-15,2.0271480565024947e-09,5.001370458033207e-06,5e-06,1.3704580332069593e-09,0.00027409160664139187
360.0,0.01999724385662588,1.3616464011107998e-09,-1.071030626963532e-12,4.1836724667331976e-15,-2.142061253927064e-10,8.367344933466396e-13,-1.071030626963532e-12,4.1836724667331976e-15,2.1188367333648187e-09,5.001430141301435e-06,5e-06,1.4301413014349538e-09,0.00028602826028699077
390.0,0.019997120654896575,2.063776642985087e-09,-1.026681077565245e-12,5.851085348952394e-15,-2.05336215513049e-10,1.1702170697904787e-12,-1.026681077565245e-12,5.851085348952394e-15,2.2065532607665835e-09,5.001487232929071e-06,5e-06,1.4872329290708012e-09,0.00029744658581416024
420.0,0.019997002164958807,3.0110647109090192e-09,-9.874161480718927e-13,7.894067232699434e-15,-1.9748322961437855e-10,1.5788134465398867e-12,-9.874161480718927e-13,7.894067232699434e-15,2.290707018906155e-09,5.0015420010247856e-06,5e-06,1.542001024785142e-09,0.0003084002049570284
450.0,0.019996887884921613,4.250150623668981e-09,-9.523336432668546e-13,1.0325715939666351e-14,-1.904667286533709e-10,2.0651431879332702e-12,-9.523336432668546e-13,1.0325715939666351e-14,2.371627486622771e-09,5.001594661254682e-06,5e-06,1.5946612546817603e-09,0.00031893225093635206
480.0,0.019996777396054176,5.828042850056442e-09,-9.207405619943724e-13,1.3149101886562176e-14,-1.8414811239887448e-10,2.629820377312435e-12,-9.207405619943724e-13,1.3149101886562176e-14,2.4495834495096457e-09,5.001645389473766e-06,5e-06,1.6453894737653474e-09,0.0003290778947530695
510.0,0.01999667034469804,7.791031313884177e-09,-8.92094634449132e-13,1.6358237198564457e-14,-1.784189268898264e-10,3.2716474397128913e-12,-8.92094634449132e-13,1.6358237198564457e-14,2.5247969749128657e-09,5.0016943309072505e-06,5e-06,1.6943309072501022e-09,0.0003388661814500204
540.0,0.0199965664289392,1.0183759775203701e-08,-8.659646569721889e-13,1.993940384432936e-14,-1.7319293139443778e-10,3.987880768865872e-12,-8.659646569721889e-13,1.993940384432936e-14,2.5974537869308573e-09,5.001741606961675e-06,5e-06,1.7416069616744793e-09,0.0003483213923348958
570.0,0.019996465388593773,1.3048476932325767e-08,-8.420028785907844e-13,2.3872642976017228e-14,-1.6840057571815687e-10,4.774528595203446e-12,-8.420028785907844e-13,2.3872642976017228e-14,2.667711091199143e-09,5.001787320358876e-06,5e-06,1.7873203588754562e-09,0.0003574640717750912
600.0,0.019996366997552993,1.642446751711189e-08,-8.199253398262986e-13,2.8133254873217667e-14,-1.6398506796525972e-10,5.6266509746435334e-12,-8.199253398262986e-13,2.8133254873217667e-14,2.7357035486318874e-09,5.001831559053759e-06,5e-06,1.8315590537590118e-09,0.0003663118107518023
630.0,0.019996271057841852,2.03476522740216e-08,-7.994975928200239e-13,3.2693206307580894e-14,-1.5989951856400478e-10,6.538641261516178e-12,-7.994975928200239e-13,3.2693206307580894e-14,2.8015478788521696e-09,5.001874399252384e-06,5e-06,1.8743992523835505e-09,0.00037487985047671005
660.0,0.01999617739494443,2.4850338257160668e-08,-7.805241451532469e-13,3.752238319282556e-14,-1.561048290306494e-10,7.504476638565111e-12,-7.805241451532469e-13,3.752238319282556e-14,2.8653464332125725e-09,5.001915907753885e-06,5e-06,1.9159077538848752e-09,0.000383181550776975
690.0,0.01999608585408059,2.9961097275840806e-08,-7.628405320328464e-13,4.2589658489001165e-14,-1.5256810640656928e-10,8.517931697800233e-12,-7.628405320328464e-13,4.2589658489001165e-14,2.927189983520843e-09,5.001956143777988e-06,5e-06,1.9561437779878874e-09,0.00039122875559757743
720.0,0.01999599629720735,3.570474948252407e-08,-7.463072770189562e-13,4.7863768389027204e-14,-1.4926145540379124e-10,9.572753677805441e-12,-7.463072770189562e-13,4.7863768389027204e-14,2.9871599082156602e-09,5.001995160397424e-06,5e-06,1.9951603974240046e-09,0.00039903207948480086
750.0,0.01999590860057955,4.210243008284634e-08,-7.308052316493633e-13,5.3314005002685624e-14,-1.4616104632987266e-10,1.0662801000537124e-11,-7.308052316493633e-13,5.3314005002685624e-14,3.0453299123445732e-09,5.002033005664753e-06,5e-06,2.033005664752642e-09,0.0004066011329505284
780.0,0.01999582265274716,4.917171920865113e-08,-7.162319365778165e-13,5.891074271503994e-14,-1.432463873155633e-10,1.1782148543007987e-11,-7.162319365778165e-13,5.891074271503994e-14,3.1017673849205125e-09,5.002069723501513e-06,5e-06,2.0697235015128745e-09,0.00041394470030257485
810.0,0.01999573835289721,5.692681758315355e-08,-7.024987495395634e-13,6.462581978752007e-14,-1.4049974990791267e-10,1.2925163957504014e-11,-7.024987495395634e-13,6.462581978752007e-14,3.156534473093349e-09,5.002105354401792e-06,5e-06,2.1053544017918702e-09,0.000421070880358374
840.0,0.019995655609470496,6.537875334633652e-08,-6.895285559571955e-13,7.043279802652487e-14,-1.379057111914391e-10,1.4086559605304974e-11,-6.895285559571955e-13,7.043279802652487e-14,3.20968893450442e-09,5.002139935990465e-06,5e-06,2.1399359904644976e-09,0.00042798719809289946
870.0,0.019995574338999234,7.453560805891652e-08,-6.772539271846394e-13,7.630712260483341e-14,-1.3545078543692788e-10,1.5261424520966682e-11,-6.772539271846394e-13,7.630712260483341e-14,3.261284815492622e-09,5.002173503467316e-06,5e-06,2.1735034673155685e-09,0.00043470069346311364
900.0,0.019995494465124088,8.440275232649432e-08,-6.656156262123842e-13,8.222620222981494e-14,-1.3312312524247684e-10,1.644524044596299e-11,-6.656156262123842e-13,8.222620222981494e-14,3.311372992330235e-09,5.002206089961435e-06,5e-06,2.2060899614341885e-09,0.00044121799228683765
930.0,0.019995415917757806,9.49830836145919e-08,-6.545613856527883e-13,8.816942740081301e-14,-1.3091227713055767e-10,1.7633885480162602e-11,-6.545613856527883e-13,8.816942740081301e-14,3.3600016045726177e-09,5.002237726814927e-06,5e-06,2.2377268149265954e-09,0.00044754536298531903
960.0,0.019995338632369693,1.0627726063988857e-07,-6.440449009904799e-13,9.411814187747232e-14,-1.2880898019809598e-10,1.8823628375494464e-11,-6.440449009904799e-13,9.411814187747232e-14,3.407216403324402e-09,5.002268443810908e-06,5e-06,2.2684438109077826e-09,0.00045368876218155647
990.0,0.019995262549370237,1.1828393023190582e-07,-6.340249954392714e-13,1.0005557993347693e-13,-1.2680499908785427e-10,2.0011115986695386e-11,-6.340249954392714e-13,1.0005557993347693e-13,3.453061032329968e-09,5.002298269357447e-06,5e-06,2.298269357446562e-09,0.0004596538714893123
1020.0,0.019995187613579518,1.3099994378785676e-07,-6.244649226721578e-13,1.0596677963292444e-13,-1.2489298453443156e-10,2.119335592658489e-11,-6.244649226721578e-13,1.0596677963292444e-13,3.4975772559689574e-09,5.002327230636796e-06,5e-06,2.3272306367958282e-09,0.0004654461273591656
1050.0,0.019995113773765782,1.4442056142442678e-07,-6.153317811398999e-13,1.1183848030475006e-13,-1.2306635622797998e-10,2.2367696060950012e-11,-6.153317811398999e-13,1.1183848030475006e-13,3.54080514523885e-09,5.0023553537270405e-06,5e-06,2.3553537270400434e-09,0.0004710707454080086
1080.0,0.01999504098224346,1.5853964269927084e-07,-6.065960193352941e-13,1.1765901062370063e-13,-1.2131920386705882e-10,2.3531802124740127e-11,-6.065960193352941e-13,1.1765901062370063e-13,3.5827832304530663e-09,5.002382663701993e-06,5e-06,2.382663701992608e-09,0.0004765327403985215
1110.0,0.01999496919452158,1.7334982336639767e-07,-5.982310156701483e-13,1.2341817222605686e-13,-1.1964620313402966e-10,2.4683634445211372e-11,-5.982310156701483e-13,1.2341817222605686e-13,3.6235486275329544e-09,5.002409184713769e-06,5e-06,2.4091847137688676e-09,0.00048183694275377346
1140.0,0.01999489836899519,1.8884267807491415e-07,-5.902127199503302e-13,1.291071225709703e-13,-1.1804254399006603e-10,2.582142451419406e-11,-5.902127199503302e-13,1.291071225709703e-13,3.663137143317289e-09,5.002434940061633e-06,5e-06,2.434940061632952e-09,0.0004869880123265903
1170.0,0.019994828466673668,2.0500886924769306e-07,-5.825193460086815e-13,1.3471825977315762e-13,-1.165038692017363e-10,2.6943651954631526e-11,-5.825193460086815e-13,1.3471825977315762e-13,3.701583364167308e-09,5.002459952249896e-06,5e-06,2.4599522498958636e-09,0.0004919904499791727
1200.0,0.019994759450940817,2.2183828260932958e-07,-5.751311070667854e-13,1.4024511134697113e-13,-1.1502622141335708e-10,2.8049022269394224e-11,-5.751311070667854e-13,1.4024511134697113e-13,3.738920731243245e-09,5.0024842430371e-06,5e-06,2.4842430370992943e-09,0.0004968486074198588
1230.0,0.01999469128734238,2.393201499913859e-07,-5.680299869781099e-13,1.4568222818380234e-13,-1.1360599739562197e-10,2.913644563676047e-11,-5.680299869781099e-13,1.4568222818380234e-13,3.7751816051180525e-09,5.002507833478211e-06,5e-06,2.5078334782105703e-09,0.0005015666956421141
1260.0,0.019994623943397374,2.5744316014402205e-07,-5.611995417569079e-13,1.5102508460530114e-13,-1.1223990835138158e-10,3.0205016921060226e-11,-5.611995417569079e-13,1.5102508460530114e-13,3.810397321833449e-09,5.002530743961213e-06,5e-06,2.530743961212782e-09,0.0005061487922425564
1290.0,0.01999455738843016,2.761955583402266e-07,-5.546247267937988e-13,1.5626998496837137e-13,-1.1092494535875976e-10,3.1253996993674274e-11,-5.546247267937988e-13,1.5626998496837137e-13,3.844598242062505e-09,5.002552994239187e-06,5e-06,2.5529942391870045e-09,0.0005105988478374009
1320.0,0.019994491593420642,2.955652355829046e-07,-5.482917459571918e-13,1.6141397702231648e-13,-1.0965834919143835e-10,3.2282795404463294e-11,-5.482917459571918e-13,1.6141397702231648e-13,3.877813794694436e-09,5.002574603458751e-06,5e-06,2.57460345875058e-09,0.0005149206917501159
1350.0,0.01999442653087031,3.155398082247424e-07,-5.421879194224751e-13,1.6645477201531532e-13,-1.0843758388449501e-10,3.3290954403063067e-11,-5.421879194224751e-13,1.6645477201531532e-13,3.910072515883369e-09,5.002595590185516e-06,5e-06,2.595590185515542e-09,0.0005191180371031084
1380.0,0.0199943621746822,3.3610668879289215e-07,-5.363015675914678e-13,1.7139067140124788e-13,-1.0726031351829355e-10,3.427813428024957e-11,-5.363015675914678e-13,1.7139067140124788e-13,3.9414020843859695e-09,5.002615972427134e-06,5e-06,2.6159724271338397e-09,0.000523194485426768
1410.0,0.01999429850005313,3.5725314878043523e-07,-5.306219088883987e-13,1.7622049989619243e-13,-1.0612438177767973e-10,3.5244099979238485e-11,-5.306219088883987e-13,1.7622049989619243e-13,3.97182935384219e-09,5.00263576765432e-06,5e-06,2.635767654319849e-09,0.0005271535308639698
1440.0,0.019994235483376782,3.7896637412841675e-07,-5.251389695655151e-13,1.8094354456651235e-13,-1.0502779391310301e-10,3.618870891330247e-11,-5.251389695655151e-13,1.8094354456651235e-13,4.001380382518872e-09,5.002654992820246e-06,5e-06,2.6549928202457325e-09,0.0005309985640491464
1470.0,0.01999417310215631,4.012335140791178e-07,-5.198435039366778e-13,1.855594995891751e-13,-1.0396870078733555e-10,3.711189991783502e-11,-5.198435039366778e-13,1.855594995891751e-13,4.030080460929542e-09,5.002673664378527e-06,5e-06,2.6736643785264908e-09,0.0005347328757052981
1500.0,0.019994111334925468,4.2404172403551846e-07,-5.14726923693093e-13,1.9006841630333855e-13,-1.029453847386186e-10,3.801368326066771e-11,-5.14726923693093e-13,1.9006841630333855e-13,4.057954137659569e-09,5.002691798300036e-06,5e-06,2.69179830003526e-09,0.0005383596600070519
1530.0,0.019994050161177248,4.473782030153382e-07,-5.097812351513628e-13,1.9447065816516455e-13,-1.0195624703027256e-10,3.889413163303291e-11,-5.097812351513628e-13,1.9447065816516455e-13,4.085025243660045e-09,5.002709410088726e-06,5e-06,2.709410088725887e-09,0.0005418820177451773
1560.0,0.019993989561299236,4.712302262418954e-07,-5.049989834474355e-13,1.9876686022131027e-13,-1.0099979668948709e-10,3.975337204426205e-11,-5.049989834474355e-13,1.9876686022131027e-13,4.111316915221142e-09,5.00272651479659e-06,5e-06,2.726514796589838e-09,0.0005453029593179676
1590.0,0.019993929516514897,4.955851733691933e-07,-5.003732028273293e-13,2.0295789272748266e-13,-1.0007464056546586e-10,4.059157854549653e-11,-5.003732028273293e-13,2.0295789272748266e-13,4.1368516157943545e-09,5.002743127037861e-06,5e-06,2.743127037860941e-09,0.0005486254075721882
1620.0,0.019993870008830218,5.204305527957271e-07,-4.958973723009144e-13,2.070448285544486e-13,-9.917947446018289e-11,4.140896571088972e-11,-4.958973723009144e-13,2.070448285544486e-13,4.161651156800487e-09,5.002759261002555e-06,5e-06,2.759261002554359e-09,0.0005518522005108718
1650.0,0.019993811020985092,5.457540224809069e-07,-4.915653760229327e-13,2.1102891404316444e-13,-9.831307520458653e-11,4.220578280863289e-11,-4.915653760229327e-13,2.1102891404316444e-13,4.185736717534178e-09,5.0027749304694275e-06,5e-06,2.7749304694270433e-09,0.0005549860938854086
1680.0,0.01999375253640895,5.715434076399276e-07,-4.873714678484517e-13,2.149115429918393e-13,-9.747429356969034e-11,4.298230859836786e-11,-4.873714678484517e-13,2.149115429918393e-13,4.209128864255524e-09,5.002790148818403e-06,5e-06,2.790148818402858e-09,0.0005580297636805715
1710.0,0.0199936945391802,5.977867156575022e-07,-4.833102395808153e-13,2.186942334797883e-13,-9.666204791616305e-11,4.373884669595766e-11,-4.833102395808153e-13,2.186942334797883e-13,4.2318475685427825e-09,5.002804929042507e-06,5e-06,2.8049290425064276e-09,0.0005609858085012855
1740.0,0.019993637013989103,6.244721485281133e-07,-4.793765924909015e-13,2.2237860725509117e-13,-9.58753184981803e-11,4.4475721451018235e-11,-4.793765924909015e-13,2.2237860725509117e-13,4.253912224967706e-09,5.0028192837593756e-06,5e-06,2.819283759375163e-09,0.0005638567518750326
1770.0,0.019993579946103696,6.515881131002963e-07,-4.755657117386992e-13,2.2596637143485847e-13,-9.511314234773984e-11,4.519327428697169e-11,-4.755657117386992e-13,2.2596637143485847e-13,4.275341668144374e-09,5.002833225222343e-06,5e-06,2.8332252223426863e-09,0.0005666450444685372
1800.0,0.019993523321338493,6.791232293748454e-07,-4.718730433731794e-13,2.2945930228790833e-13,-9.437460867463587e-11,4.589186045758167e-11,-4.718730433731794e-13,2.2945930228790833e-13,4.296154189194496e-09,5.002846765331162e-06,5e-06,2.846765331161421e-09,0.0005693530662322842
1830.0,0.019993467126025663,7.07066337081606e-07,-4.682942736254723e-13,2.3285923088967095e-13,-9.365885472509445e-11,4.657184617793419e-11,-4.682942736254723e-13,2.3285923088967095e-13,4.316367551665725e-09,5.002859915642351e-06,5e-06,2.8599156423507937e-09,0.0005719831284701587
1860.0,0.019993411346988434,7.354065007365641e-07,-4.648253102440665e-13,2.3616803045798453e-13,-9.296506204881331e-11,4.7233606091596904e-11,-4.648253102440665e-13,2.3616803045798453e-13,4.335999006933949e-09,5.0028726873792265e-06,5e-06,2.872687379226105e-09,0.0005745374758452209
1890.0,0.019993355971516556,7.641330133600911e-07,-4.614622656503395e-13,2.393876051960593e-13,-9.22924531300679e-11,4.787752103921186e-11,-4.614622656503395e-13,2.393876051960593e-13,4.35506530911689e-09,5.002885091441596e-06,5e-06,2.885091441595361e-09,0.0005770182883190722
1920.0,0.01999330098734355,7.932353990183186e-07,-4.582014417182729e-13,2.425198804852295e-13,-9.164028834365458e-11,4.8503976097045904e-11,-4.582014417182729e-13,2.425198804852295e-13,4.373582729522447e-09,5.002897138415164e-06,5e-06,2.897138415163882e-09,0.0005794276830327764
1950.0,0.01999324638262563,8.227034143325427e-07,-4.550393160047755e-13,2.4556679428520045e-13,-9.100786320095511e-11,4.911335885704009e-11,-4.550393160047755e-13,2.4556679428520045e-13,4.39156707065291e-09,5.002908838580643e-06,5e-06,2.9088385806424463e-09,0.0005817677161284893
1980.0,0.019993192145922115,8.525270490861445e-07,-4.5197252927672777e-13,2.4853028961334793e-13,-9.039450585534555e-11,4.970605792266958e-11,-4.5197252927672777e-13,2.4853028961334793e-13,4.409033679783811e-09,5.002920201922585e-06,5e-06,2.9202019225843854e-09,0.0005840403845168771
2010.0,0.019993138266177213,8.826965260446222e-07,-4.489978741981566e-13,2.514123079873147e-13,-8.979957483963131e-11,5.028246159746294e-11,-4.489978741981566e-13,2.514123079873147e-13,4.425997462134147e-09,5.002931238137949e-06,5e-06,2.9312381379482404e-09,0.000586247627589648
2040.0,0.019993084732703004,9.132023000918268e-07,-4.461122850562003e-13,2.5421478372670625e-13,-8.922245701124006e-11,5.084295674534125e-11,-4.461122850562003e-13,2.5421478372670625e-13,4.442472893643908e-09,5.002941956644418e-06,5e-06,2.9419566444173194e-09,0.0005883913288834638
2070.0,0.019993031535163595,9.44035056774252e-07,-4.43312828417965e-13,2.5693963902021e-13,-8.8662565683593e-11,5.1387927804042e-11,-4.43312828417965e-13,2.5693963902021e-13,4.458474033372526e-09,5.0029523665884656e-06,5e-06,2.952366588465145e-09,0.000590473317693029
2100.0,0.019992978663560243,9.751857103351329e-07,-4.405966946222998e-13,2.5958877967400597e-13,-8.811933892445996e-11,5.191775593480119e-11,-4.405966946222998e-13,2.5958877967400597e-13,4.474014535532092e-09,5.0029624768531765e-06,5e-06,2.96247685317611e-09,0.0005924953706352219
2130.0,0.019992926108217443,1.0066454013110505e-06,-4.379611900208125e-13,2.621640914659798e-13,-8.759223800416249e-11,5.243281829319596e-11,-4.379611900208125e-13,2.621640914659798e-13,4.489107661167153e-09,5.002972296065856e-06,5e-06,2.9722960658552203e-09,0.0005944592131710441
2160.0,0.019992873859769857,1.0384054937556173e-06,-4.354037298920779e-13,2.6466743703805896e-13,-8.708074597841558e-11,5.293348740761179e-11,-4.354037298920779e-13,2.6466743703805896e-13,4.503766289493119e-09,5.002981832605397e-06,5e-06,2.9818326053964364e-09,0.0005963665210792872
2190.0,0.01999282190915002,1.0704575721475432e-06,-4.3292183196085065e-13,2.671006532660459e-13,-8.658436639217013e-11,5.342013065320919e-11,-4.3292183196085065e-13,2.671006532660459e-13,4.518002928903854e-09,5.0029910946094464e-06,5e-06,2.991094609446029e-09,0.0005982189218892058
2220.0,0.019992770247576768,1.1027934380338646e-06,-4.3051311046167105e-13,2.694655490526785e-13,-8.610262209233421e-11,5.3893109810535696e-11,-4.3051311046167105e-13,2.694655490526785e-13,4.5318297276592835e-09,5.00300008998136e-06,5e-06,3.0000899813592625e-09,0.0006000179962718524
2250.0,0.019992718866544287,1.1354051064533084e-06,-4.2817527069264644e-13,2.7176390349536474e-13,-8.563505413852928e-11,5.435278069907295e-11,-4.2817527069264644e-13,2.7176390349536474e-13,4.545258484262469e-09,5.003008826396948e-06,5e-06,3.0088263969478573e-09,0.0006017652793895715
2280.0,0.019992667757811805,1.168284802179531e-06,-4.2590610401093096e-13,2.739974643851887e-13,-8.518122080218619e-11,5.479949287703773e-11,-4.2590610401093096e-13,2.739974643851887e-13,4.5583006575361084e-09,5.003017311311032e-06,5e-06,3.0173113110317916e-09,0.0006034622622063583
2310.0,0.01999261691339382,1.2014249558193399e-06,-4.2370348322661945e-13,2.761679469984071e-13,-8.474069664532389e-11,5.5233589399681416e-11,-4.2370348322661945e-13,2.761679469984071e-13,4.570967376407118e-09,5.003025551963817e-06,5e-06,3.0255519638166116e-09,0.0006051103927633223
2340.0,0.01999256632555082,1.2348181997968368e-06,-4.2156535835629414e-13,2.782770331458068e-13,-8.431307167125882e-11,5.565540662916136e-11,-4.2156535835629414e-13,2.782770331458068e-13,4.583269449408472e-09,5.003033555387063e-06,5e-06,3.0335553870623722e-09,0.0006067110774124744
2370.0,0.019992515986780493,1.2684573642507187e-06,-4.1948975270155125e-13,2.8032637044901717e-13,-8.389795054031025e-11,5.606527408980343e-11,-4.1948975270155125e-13,2.8032637044901717e-13,4.5952173739062896e-09,5.003041328410093e-06,5e-06,3.0413284100924896e-09,0.0006082656820184979
2400.0,0.019992465889809387,1.3023354728686642e-06,-4.1747475922147223e-13,2.823175718162132e-13,-8.349495184429445e-11,5.646351436324264e-11,-4.1747475922147223e-13,2.823175718162132e-13,4.606821345060631e-09,5.003048877665625e-06,5e-06,3.048877665624715e-09,0.000609775533124943
2430.0,0.019992416027584923,1.3364457386797805e-06,-4.1551853717116233e-13,2.842522150926342e-13,-8.310370743423246e-11,5.6850443018526836e-11,-4.1551853717116233e-13,2.842522150926342e-13,4.6180912645276644e-09,5.003056209595429e-06,5e-06,3.056209595428469e-09,0.0006112419190856937
2460.0,0.019992366393267843,1.3707815598234638e-06,-4.136193089815297e-13,2.861318428640258e-13,-8.272386179630594e-11,5.722636857280516e-11,-4.136193089815297e-13,2.861318428640258e-13,4.6290367489107675e-09,5.003063330455827e-06,5e-06,3.0633304558263188e-09,0.0006126660911652637
2490.0,0.01999231698022496,1.4053365153106855e-06,-4.1177535735782045e-13,2.8795796239351236e-13,-8.235507147156409e-11,5.7591592478702474e-11,-4.1177535735782045e-13,2.8795796239351236e-13,4.6396671379680925e-09,5.003070246323036e-06,5e-06,3.07024632303537e-09,0.000614049264607074
2520.0,0.019992267782022254,1.4401043607916314e-06,-4.099850225769445e-13,2.897320456745502e-13,-8.19970045153889e-11,5.7946409134910036e-11,-4.099850225769445e-13,2.897320456745502e-13,4.649991502583364e-09,5.003076963098345e-06,5e-06,3.07696309834433e-09,0.000615392619668866
2550.0,0.01999221879241826,1.4750790243417759e-06,-4.082466999655333e-13,2.9145552958453656e-13,-8.164933999310666e-11,5.829110591690731e-11,-4.082466999655333e-13,2.9145552958453656e-13,4.660018652507091e-09,5.003083486513157e-06,5e-06,3.083486513156744e-09,0.0006166973026313488
2580.0,0.019992170005357753,1.5102546022768195e-06,-4.065588375425516e-13,2.9312981612536544e-13,-8.131176750851032e-11,5.862596322507309e-11,-4.065588375425516e-13,2.9312981612536544e-13,4.66975714387475e-09,5.003089822133882e-06,5e-06,3.0898221338817623e-09,0.0006179644267763525
2610.0,0.019992121414965695,1.54562535500547e-06,-4.0491993381197775e-13,2.9475627273875257e-13,-8.098398676239554e-11,5.895125454775051e-11,-4.0491993381197775e-13,2.9475627273875257e-13,4.679215286508248e-09,5.003095975366683e-06,5e-06,3.0959753666826064e-09,0.0006191950733365212
2640.0,0.019992073015541414,1.5811857029277332e-06,-4.0332853569241783e-13,2.96336232685527e-13,-8.066570713848357e-11,5.92672465371054e-11,-4.0332853569241783e-13,2.96336232685527e-13,4.688401151007252e-09,5.003101951462093e-06,5e-06,3.1019514620928996e-09,0.0006203902924185799
2670.0,0.019992024801553026,1.6169302223852501e-06,-4.0178323657192545e-13,2.978709954793103e-13,-8.035664731438509e-11,5.957419909586206e-11,-4.0178323657192545e-13,2.978709954793103e-13,4.69732257563618e-09,5.003107755519489e-06,5e-06,3.107755519489001e-09,0.0006215511038978001
2700.0,0.019991976767632088,1.652853641669182e-06,-4.002826744774485e-13,2.9936182736609566e-13,-8.00565348954897e-11,5.987236547321913e-11,-4.002826744774485e-13,2.9936182736609566e-13,4.705987173012824e-09,5.003113392491453e-06,5e-06,3.1133924914522238e-09,0.0006226784982904447
2730.0,0.01999192890856845,1.6889508370902483e-06,-3.98825530349345e-13,3.008099618422192e-13,-7.976510606986899e-11,6.016199236844384e-11,-3.98825530349345e-13,3.008099618422192e-13,4.714402336604482e-09,5.003118867187989e-06,5e-06,3.1188671879887555e-09,0.0006237734375977511
2760.0,0.01999188121930528,1.725216829114738e-06,-3.97410526412389e-13,3.0221660020408203e-13,-7.94821052824778e-11,6.04433200408164e-11,-3.97410526412389e-13,3.0221660020408203e-13,4.72257524703693e-09,5.003124184280635e-06,5e-06,3.124184280634378e-09,0.0006248368561268756
2790.0,0.01999183369493432,1.7616467785695895e-06,-3.960364246354914e-13,3.0358291212376244e-13,-7.920728492709828e-11,6.071658242475249e-11,-3.960364246354914e-13,3.0358291212376244e-13,4.7305128782217545e-09,5.0031293483064436e-06,5e-06,3.129348306443146e-09,0.0006258696612886291
2820.0,0.019991786330691284,1.7982359829190315e-06,-3.9470202527316366e-13,3.0491003624534915e-13,-7.894040505463273e-11,6.098200724906983e-11,-3.9470202527316366e-13,3.0491003624534915e-13,4.738222003307354e-09,5.003134363671859e-06,5e-06,3.134363671858328e-09,0.0006268727343716656
2850.0,0.019991739121951426,1.834979872614724e-06,-3.9340616548234607e-13,3.061990807974399e-13,-7.868123309646922e-11,6.123981615948798e-11,-3.9340616548234607e-13,3.061990807974399e-13,4.745709200458444e-09,5.003139234656469e-06,5e-06,3.1392346564689978e-09,0.0006278469312937995
2880.0,0.019991692064225266,1.8718740075208614e-06,-3.9214771800893745e-13,3.0745112421780956e-13,-7.842954360178749e-11,6.149022484356192e-11,-3.9214771800893745e-13,3.0745112421780956e-13,4.752980858469337e-09,5.003143965416665e-06,5e-06,3.14396541666498e-09,0.000628793083332996
2910.0,0.01999164515315447,1.908914073415269e-06,-3.9092558993880437e-13,3.086672157867297e-13,-7.818511798776087e-11,6.173344315734594e-11,-3.9092558993880437e-13,3.086672157867297e-13,4.7600431822154835e-09,5.003148559989187e-06,5e-06,3.1485599891867668e-09,0.0006297119978373534
2940.0,0.019991598384507894,1.9460958785671732e-06,-3.8973872150859446e-13,3.098483762658666e-13,-7.794774430171889e-11,6.196967525317332e-11,-3.8973872150859446e-13,3.098483762658666e-13,4.766902197948123e-09,5.003153022294563e-06,5e-06,3.153022294562777e-09,0.0006306044589125554
2970.0,0.019991551754177703,1.983415350391982e-06,-3.88586084972102e-13,3.109955985400725e-13,-7.77172169944204e-11,6.21991197080145e-11,-3.88586084972102e-13,3.109955985400725e-13,4.77356375843649e-09,5.00315735614046e-06,5e-06,3.1573561404593716e-09,0.0006314712280918743
3000.0,0.019991505258175682,2.020868532183149e-06,-3.874666835183048e-13,3.121098482597234e-13,-7.749333670366096e-11,6.242196965194468e-11,-3.874666835183048e-13,3.121098482597234e-13,4.7800335479620085e-09,5.003161565224929e-06,5e-06,3.1615652249283773e-09,0.0006323130449856755
3030.0,0.019991458892629654,2.0584515799209375e-06,-3.8637955023757235e-13,3.1319206448157076e-13,-7.727591004751446e-11,6.263841289631415e-11,-3.8637955023757235e-13,3.1319206448157076e-13,4.786317087168664e-09,5.003165653139563e-06,5e-06,3.1656531395622854e-09,0.000633130627912457
3060.0,0.01999141265378,2.096160759157699e-06,-3.8532374713286524e-13,3.142431603063465e-13,-7.706474942657305e-11,6.28486320612693e-11,-3.8532374713286524e-13,3.142431603063465e-13,4.7924197377737815e-09,5.003169623372563e-06,5e-06,3.1696233725622043e-09,0.0006339246745124408
3090.0,0.019991366537976295,2.1339924419790903e-06,-3.842983641729733e-13,3.1526402351159725e-13,-7.685967283459466e-11,6.305280470231945e-11,-3.842983641729733e-13,3.1526402351159725e-13,4.7983467071431586e-09,5.003173479311712e-06,5e-06,3.1734793117117925e-09,0.0006346958623423584
3120.0,0.01999132054167409,2.171943104040504e-06,-3.8330251838518036e-13,3.1625551717844645e-13,-7.666050367703607e-11,6.325110343568929e-11,-3.8330251838518036e-13,3.1625551717844645e-13,4.8041030527345095e-09,5.003177224247267e-06,5e-06,3.177224247266488e-09,0.0006354448494532975
3150.0,0.019991274661431732,2.210009321677844e-06,-3.823353529849014e-13,3.172184803111683e-13,-7.646707059698028e-11,6.344369606223366e-11,-3.823353529849014e-13,3.172184803111683e-13,4.809693686412971e-09,5.003180861374766e-06,5e-06,3.180861374765657e-09,0.0006361722749531314
3180.0,0.01999122889390735,2.248187769091679e-06,-3.813960365400859e-13,3.181537284486278e-13,-7.627920730801718e-11,6.363074568972556e-11,-3.813960365400859e-13,3.181537284486278e-13,4.815123378642376e-09,5.003184393797753e-06,5e-06,3.1843937977524183e-09,0.0006368787595504836
3210.0,0.01999118323585589,2.2864752156036935e-06,-3.8048376216836395e-13,3.190620542667901e-13,-7.609675243367279e-11,6.381241085335802e-11,-3.8048376216836395e-13,3.190620542667901e-13,4.82039676255591e-09,5.0031878245304295e-06,5e-06,3.18782453042909e-09,0.000637564906085818
3240.0,0.01999113768412628,2.3248685229842907e-06,-3.7959774676503413e-13,3.1994422817163984e-13,-7.591954935300682e-11,6.398884563432797e-11,-3.7959774676503413e-13,3.1994422817163984e-13,4.8255183379095245e-09,5.003191156500225e-06,5e-06,3.191156500224547e-09,0.0006382313000449093
3270.0,0.019991092235658647,2.363364642850126e-06,-3.787372302602366e-13,3.208009988819572e-13,-7.574744605204732e-11,6.416019977639143e-11,-3.787372302602366e-13,3.208009988819572e-13,4.830492474921559e-09,5.003194392550296e-06,5e-06,3.194392550295509e-09,0.0006388785100591018
3300.0,0.01999104688748166,2.4019606141303072e-06,-3.779014749036878e-13,3.2163309400151156e-13,-7.558029498073756e-11,6.432661880030231e-11,-3.779014749036878e-13,3.2163309400151156e-13,4.835323418001801e-09,5.0031975354419495e-06,5e-06,3.197535441949056e-09,0.0006395070883898112
3330.0,0.01999100163670991,2.4406535605999453e-06,-3.770897645755453e-13,3.2244122058031773e-13,-7.541795291510906e-11,6.448824411606354e-11,-3.770897645755453e-13,3.2244122058031773e-13,4.840015289373333e-09,5.003200587857e-06,5e-06,3.2005878569999185e-09,0.0006401175713999837
3360.0,0.019990956480541416,2.4794406884797075e-06,-3.7630140412206583e-13,3.232260656646835e-13,-7.526028082441316e-11,6.46452131329367e-11,-3.7630140412206583e-13,3.232260656646835e-13,4.844572092589886e-09,5.003203552400064e-06,5e-06,3.203552400063398e-09,0.0006407104800126796
3390.0,0.01999091141625517,2.5183192841000085e-06,-3.7553571871481416e-13,3.2398829683584427e-13,-7.510714374296283e-11,6.479765936716885e-11,-3.7553571871481416e-13,3.2398829683584427e-13,4.848997715952126e-09,5.00320643160077e-06,5e-06,3.2064316007695106e-09,0.0006412863201539021
3420.0,0.019990866441208784,2.5572867116284542e-06,-3.7479205323224836e-13,3.2472856273704414e-13,-7.495841064644967e-11,6.494571254740883e-11,-3.7479205323224836e-13,3.2472856273704414e-13,4.853295935825495e-09,5.003209227915928e-06,5e-06,3.209227915928002e-09,0.0006418455831856003
3450.0,0.019990821552836182,2.5963404108591314e-06,-3.740697716626851e-13,3.2544749358897636e-13,-7.481395433253702e-11,6.508949871779527e-11,-3.740697716626851e-13,3.2544749358897636e-13,4.8574704198626094e-09,5.003211943731623e-06,5e-06,3.2119437316222143e-09,0.0006423887463244428
3480.0,0.0199907767486454,2.635477895062357e-06,-3.733682565275652e-13,3.261457016935451e-13,-7.467365130551304e-11,6.522914033870902e-11,-3.733682565275652e-13,3.261457016935451e-13,4.861524730132784e-09,5.003214581365248e-06,5e-06,3.214581365247894e-09,0.0006429162730495788
3510.0,0.019990732026216405,2.67469674889347e-06,-3.726869083241809e-13,3.26823781925944e-13,-7.453738166483618e-11,6.53647563851888e-11,-3.726869083241809e-13,3.26823781925944e-13,4.865462326161612e-09,5.003217143067486e-06,5e-06,3.2171430674859315e-09,0.0006434286134971862
3540.0,0.019990687383199004,2.7139946263592817e-06,-3.720251449869434e-13,3.2748231221509596e-13,-7.440502899738868e-11,6.549646244301919e-11,-3.720251449869434e-13,3.2748231221509596e-13,4.869286567882886e-09,5.003219631024224e-06,5e-06,3.2196310242234316e-09,0.0006439262048446863
3570.0,0.019990642817310837,2.7533692488407836e-06,-3.713824013664245e-13,3.2812185401251394e-13,-7.42764802732849e-11,6.562437080250278e-11,-3.713824013664245e-13,3.2812185401251394e-13,4.873000718505685e-09,5.003222047358426e-06,5e-06,3.222047358425657e-09,0.0006444094716851314
3600.0,0.019990598326335388,2.792818403170745e-06,-3.707581287254189e-13,3.2874295274968074e-13,-7.415162574508378e-11,6.574859054993615e-11,-3.707581287254189e-13,3.2874295274968074e-13,4.876607947298795e-09,5.003224394131938e-06,5e-06,3.2243941319376663e-09,0.0006448788263875333
3630.0,0.01999055390812008,2.8323399397648327e-06,-3.7015179425130464e-13,3.293461382840644e-13,-7.403035885026093e-11,6.586922765681288e-11,-3.7015179425130464e-13,3.293461382840644e-13,4.880111332295101e-09,5.003226673347257e-06,5e-06,3.2266733472563087e-09,0.0006453346694512617
3660.0,0.01999050956057441,2.871931770804901e-06,-3.6956288058405553e-13,3.299319253339019e-13,-7.39125761168111e-11,6.598638506678038e-11,-3.6956288058405553e-13,3.299319253339019e-13,4.883513862917981e-09,5.003228886949221e-06,5e-06,3.2288869492209e-09,0.00064577738984418
3690.0,0.019990465281668167,2.91159186847313e-06,-3.6899088535927317e-13,3.3050081390190814e-13,-7.379817707185463e-11,6.610016278038163e-11,-3.6899088535927317e-13,3.3050081390190814e-13,4.8868184425322335e-09,5.0032310368266925e-06,5e-06,3.2310368266920425e-09,0.0006462073653384085
3720.0,0.01999042106942967,2.9513182632356987e-06,-3.684353207656775e-13,3.310532896880713e-13,-7.36870641531355e-11,6.621065793761426e-11,-3.684353207656775e-13,3.310532896880713e-13,4.890027890921471e-09,5.003233124814149e-06,5e-06,3.2331248141482825e-09,0.0006466249628296564
3750.0,0.019990376921944098,2.9911090421747044e-06,-3.678957131164703e-13,3.3158982449171595e-13,-7.357914262329406e-11,6.631796489834319e-11,-3.678957131164703e-13,3.3158982449171595e-13,4.89314494669423e-09,5.003235152693263e-06,5e-06,3.235152693262438e-09,0.0006470305386524876
3780.0,0.019990332837351805,3.030962347367067e-06,-3.6737160243407876e-13,3.3211087660301927e-13,-7.347432048681575e-11,6.642217532060385e-11,-3.6737160243407876e-13,3.3211087660301927e-13,4.8961722696208564e-09,5.003237122194414e-06,5e-06,3.2371221944135534e-09,0.0006474244388827106
3810.0,0.019990288813846766,3.0708763743091676e-06,-3.6686254204774603e-13,3.326168911841749e-13,-7.337250840954921e-11,6.652337823683498e-11,-3.6686254204774603e-13,3.326168911841749e-13,4.8991124429029955e-09,5.003239034998172e-06,5e-06,3.239034998171747e-09,0.0006478069996343494
3840.0,0.019990244849674984,3.110849370386016e-06,-3.6636809820357e-13,3.33108300640404e-13,-7.3273619640714e-11,6.66216601280808e-11,-3.6636809820357e-13,3.33108300640404e-13,4.901967975377922e-09,5.00324089273672e-06,5e-06,3.240892736719533e-09,0.0006481785473439065
3870.0,0.01999020094313302,3.1508796333837384e-06,-3.6588784968646113e-13,3.3358552498102123e-13,-7.317756993729222e-11,6.671710499620424e-11,-3.6588784968646113e-13,3.3358552498102123e-13,4.904741303659233e-09,5.00324269699526e-06,5e-06,3.2426969952595907e-09,0.0006485393990519181
3900.0,0.019990157092566522,3.19096551004423e-06,-3.65421387453659e-13,3.3404897217076154e-13,-7.30842774907318e-11,6.680979443415231e-11,-3.65421387453659e-13,3.3404897217076154e-13,4.907434794216063e-09,5.003244449313358e-06,5e-06,3.244449313357311e-09,0.0006488898626714622
3930.0,0.019990113296368812,3.2311053946608197e-06,-3.649683142793924e-13,3.344990384715796e-13,-7.299366285587849e-11,6.689980769431592e-11,-3.649683142793924e-13,3.344990384715796e-13,4.910050745392353e-09,5.00324615118626e-06,5e-06,3.2461511862596267e-09,0.0006492302372519253
3960.0,0.019990069552979484,3.271297727713835e-06,-3.6452824441027436e-13,3.349361087751326e-13,-7.290564888205487e-11,6.698722175502652e-11,-3.6452824441027436e-13,3.349361087751326e-13,4.912591389368036e-09,5.003247804066168e-06,5e-06,3.2478040661672566e-09,0.0006495608132334513
3990.0,0.0199900258608831,3.311540994544975e-06,-3.6410080323108813e-13,3.3536055692616216e-13,-7.282016064621763e-11,6.707211138523243e-11,-3.6410080323108813e-13,3.3536055692616216e-13,4.9150588940637005e-09,5.003249409363475e-06,5e-06,3.249409363474761e-09,0.0006498818726949522
4020.0,0.019989982218607868,3.3518337240694124e-06,-3.636856269406348e-13,3.3577274603698285e-13,-7.273712538812696e-11,6.715454920739657e-11,-3.636856269406348e-13,3.3577274603698285e-13,4.917455364990534e-09,5.0032509684479754e-06,5e-06,3.2509684479750233e-09,0.0006501936895950047
4050.0,0.0199899386247244,3.392174487524608e-06,-3.6328236223725953e-13,3.3617302879329474e-13,-7.26564724474519e-11,6.723460575865895e-11,-3.6328236223725953e-13,3.3617302879329474e-13,4.919782847046889e-09,5.0032524826500286e-06,5e-06,3.2524826500281547e-09,0.0006504965300056309
4080.0,0.019989895077844478,3.4325618972547906e-06,-3.6289066601378545e-13,3.36561747751523e-13,-7.257813320275709e-11,6.73123495503046e-11,-3.6289066601378545e-13,3.36561747751523e-13,4.922043326263241e-09,5.003253953261696e-06,5e-06,3.253953261695672e-09,0.0006507906523391344
4110.0,0.01998985157661987,3.472994605530138e-06,-3.6251020506151166e-13,3.3693923562789983e-13,-7.250204101230232e-11,6.738784712557997e-11,-3.6251020506151166e-13,3.3693923562789983e-13,4.924238731496786e-09,5.003255381537846e-06,5e-06,3.2553815378458747e-09,0.0006510763075691749
4140.0,0.019989808119741177,3.513471303399677e-06,-3.621406557830153e-13,3.3730581557949003e-13,-7.242813115660305e-11,6.7461163115898e-11,-3.621406557830153e-13,3.3730581557949003e-13,4.926370936077411e-09,5.0032567686972215e-06,5e-06,3.256768697221108e-09,0.0006513537394442216
4170.0,0.01998976470593671,3.553990719576961e-06,-3.617817039134558e-13,3.376618014773661e-13,-7.235634078269116e-11,6.753236029547322e-11,-3.617817039134558e-13,3.376618014773661e-13,4.928441759406129e-09,5.0032581159234775e-06,5e-06,3.2581159234770706e-09,0.0006516231846954141
4200.0,0.019989721333971398,3.5945516193576167e-06,-3.6143304425010116e-13,3.380074981721327e-13,-7.228660885002023e-11,6.760149963442654e-11,-3.6143304425010116e-13,3.380074981721327e-13,4.930452968507621e-09,5.0032594243661954e-06,5e-06,3.25942436619502e-09,0.000651884873239004
4230.0,0.019989678002645752,3.6351528035678563e-06,-3.6109438038985685e-13,3.3834320175199654e-13,-7.221887607797137e-11,6.76686403503993e-11,-3.6109438038985685e-13,3.3834320175199654e-13,4.932406279537982e-09,5.003260695141868e-06,5e-06,3.2606951418677192e-09,0.0006521390283735438
4260.0,0.019989634710794818,3.675793107543086e-06,-3.607654244744958e-13,3.386691997935803e-13,-7.215308489489916e-11,6.773383995871606e-11,-3.607654244744958e-13,3.386691997935803e-13,4.934303359249127e-09,5.003261929334839e-06,5e-06,3.2619293348387947e-09,0.0006523858669677589
4290.0,0.01998959145728718,3.7164714001357658e-06,-3.604458969434001e-13,3.3898577160566667e-13,-7.208917938868002e-11,6.779715432113333e-11,-3.604458969434001e-13,3.3898577160566667e-13,4.936145826411046e-09,5.00326312799824e-06,5e-06,3.2631279982395564e-09,0.0006526255996479113
4320.0,0.019989548241024023,3.757186582751693e-06,-3.601355262935339e-13,3.392931884660623e-13,-7.202710525870677e-11,6.785863769321246e-11,-3.601355262935339e-13,3.392931884660623e-13,4.937935253193062e-09,5.003264292154887e-06,5e-06,3.2642921548868523e-09,0.0006528584309773704
4350.0,0.019989505060938162,3.7979375884139053e-06,-3.5983404884645817e-13,3.3959171385176504e-13,-7.196680976929163e-11,6.7918342770353e-11,-3.5983404884645817e-13,3.3959171385176504e-13,4.93967316650538e-09,5.003265422798149e-06,5e-06,3.2654227981487356e-09,0.0006530845596297471
4380.0,0.019989461915993142,3.838723380853419e-06,-3.595412085221693e-13,3.3988160366261426e-13,-7.190824170443386e-11,6.797632073252285e-11,-3.595412085221693e-13,3.3988160366261426e-13,4.941361049301959e-09,5.003266520892801e-06,5e-06,3.2665208928008154e-09,0.000653304178560163
4410.0,0.019989418805182346,3.879542953626051e-06,-3.592567566195347e-13,3.401631064385994e-13,-7.185135132390693e-11,6.803262128771988e-11,-3.592567566195347e-13,3.401631064385994e-13,4.94300034184598e-09,5.00326758737584e-06,5e-06,3.2675873758394083e-09,0.0006535174751678817
4440.0,0.019989375727528153,3.920395329254571e-06,-3.589804516031257e-13,3.4043646357100006e-13,-7.179609032062514e-11,6.808729271420001e-11,-3.589804516031257e-13,3.4043646357100006e-13,4.944592442938706e-09,5.00326862315729e-06,5e-06,3.2686231572896077e-09,0.0006537246314579215
4470.0,0.019989332682081085,3.961279558395473e-06,-3.5871205889630266e-13,3.407019095075258e-13,-7.174241177926053e-11,6.814038190150516e-11,-3.5871205889630266e-13,3.407019095075258e-13,4.9461387111132034e-09,5.003269629120983e-06,5e-06,3.2696291209828604e-09,0.0006539258241965721
4500.0,0.019989289667919,4.002194719029667e-06,-3.5845135068028196e-13,3.4095967195162024e-13,-7.169027013605639e-11,6.819193439032405e-11,-3.5845135068028196e-13,3.4095967195162024e-13,4.947640465793448e-09,5.003270606125301e-06,5e-06,3.270606125300661e-09,0.0006541212250601321
4530.0,0.019989246684146318,4.043139915676397e-06,-3.581981056990807e-13,3.4120997205608783e-13,-7.163962113981613e-11,6.824199441121757e-11,-3.581981056990807e-13,3.4120997205608783e-13,4.949098988420284e-09,5.0032715550039195e-06,5e-06,3.271555003919094e-09,0.0006543110007838187
4560.0,0.019989203729893226,4.084114278629742e-06,-3.5795210907010504e-13,3.414530246112063e-13,-7.159042181402101e-11,6.829060492224126e-11,-3.5795210907010504e-13,3.414530246112063e-13,4.950515523544808e-09,5.003272476566509e-06,5e-06,3.2724765665084835e-09,0.0006544953133016967
4590.0,0.019989160804314975,4.125116963217037e-06,-3.577131521002837e-13,3.4168903822746736e-13,-7.154263042005674e-11,6.833780764549347e-11,-3.577131521002837e-13,3.4168903822746736e-13,4.951891279890363e-09,5.003273371599438e-06,5e-06,3.2733715994372772e-09,0.0006546743198874554
4620.0,0.01998911790659112,4.166147149078609e-06,-3.574810321074857e-13,3.419182155131073e-13,-7.149620642149714e-11,6.838364310262146e-11,-3.574810321074857e-13,3.419182155131073e-13,4.953227431383946e-09,5.003274240866433e-06,5e-06,3.274240866432732e-09,0.0006548481732865463
4650.0,0.01998907503592485,4.2072040394681975e-06,-3.57255552247159e-13,3.4214075324656215e-13,-7.14511104494318e-11,6.842815064931243e-11,-3.57255552247159e-13,3.4214075324656215e-13,4.954525118157893e-09,5.003275085109237e-06,5e-06,3.2750851092365173e-09,0.0006550170218473034
4680.0,0.01998903219154229,4.248286860573477e-06,-3.570365213439748e-13,3.4235684254399527e-13,-7.140730426879496e-11,6.847136850879905e-11,-3.570365213439748e-13,3.4235684254399527e-13,4.955785447522753e-09,5.003275905048239e-06,5e-06,3.2759050482382966e-09,0.0006551810096476593
4710.0,0.01998898937269184,4.28939486085612e-06,-3.568237537283585e-13,3.4256666902203485e-13,-7.13647507456717e-11,6.851333380440697e-11,-3.568237537283585e-13,3.4256666902203485e-13,4.9570094949121674e-09,5.003276701383087e-06,5e-06,3.276701383086437e-09,0.0006553402766172874
4740.0,0.019988946578643554,4.330527310410823e-06,-3.5661706907775565e-13,3.427704129558533e-13,-7.132341381555113e-11,6.855408259117066e-11,-3.5661706907775565e-13,3.427704129558533e-13,4.95819830480055e-09,5.003277474793292e-06,5e-06,3.277474793291945e-09,0.000655494958658389
4770.0,0.019988903808688483,4.37168350034275e-06,-3.5641629226248656e-13,3.429682494327218e-13,-7.128325845249731e-11,6.859364988654437e-11,-3.5641629226248656e-13,3.429682494327218e-13,4.959352891594265e-09,5.003278225938801e-06,5e-06,3.2782259388002124e-09,0.0006556451877600425
4800.0,0.019988861062138104,4.412862742162891e-06,-3.5622125319606734e-13,3.43160348501167e-13,-7.124425063921346e-11,6.86320697002334e-11,-3.5622125319606734e-13,3.43160348501167e-13,4.960474240497258e-09,5.003278955460564e-06,5e-06,3.2789554605636116e-09,0.0006557910921127223
4830.0,0.019988818338323704,4.454064367200793e-06,-3.560317866898494e-13,3.4334687531585446e-13,-7.120635733796988e-11,6.866937506317089e-11,-3.560317866898494e-13,3.4334687531585446e-13,4.961563308351748e-09,5.003279663981078e-06,5e-06,3.279663981077667e-09,0.0006559327962155333
4860.0,0.019988775636595825,4.495287726034192e-06,-3.558477323118812e-13,3.435279902783191e-13,-7.116954646237624e-11,6.870559805566382e-11,-3.558477323118812e-13,3.435279902783191e-13,4.962621024454675e-09,5.003280352104919e-06,5e-06,3.2803521049189205e-09,0.0006560704209837841
4890.0,0.019988732956323717,4.536532187935031e-06,-3.556689342498294e-13,3.437038491736595e-13,-7.113378684996588e-11,6.874076983473189e-11,-3.556689342498294e-13,3.437038491736595e-13,4.963648291350633e-09,5.003281020419264e-06,5e-06,3.281020419263317e-09,0.0006562040838526634
4920.0,0.019988690296894776,4.5777971403314286e-06,-3.5549524117787015e-13,3.4387460330331403e-13,-7.109904823557403e-11,6.87749206606628e-11,-3.5549524117787015e-13,3.4387460330331403e-13,4.964645985602071e-09,5.003281669494379e-06,5e-06,3.2816694943783297e-09,0.0006563338988756659
4950.0,0.019988647657714045,4.61908198828511e-06,-3.553265061274282e-13,3.4404039961402457e-13,-7.106530122548564e-11,6.880807992280492e-11,-3.553265061274282e-13,3.4404039961402457e-13,4.965614958537227e-09,5.00328229988412e-06,5e-06,3.2822998841193206e-09,0.0006564599768238641
4980.0,0.019988605038203676,4.6603861539838825e-06,-3.5516258636163615e-13,3.4420138082310137e-13,-7.103251727232723e-11,6.884027616462027e-11,-3.5516258636163615e-13,3.4420138082310137e-13,4.966556036976526e-09,5.003282912126392e-06,5e-06,3.2829121263911747e-09,0.0006565824252782349
5010.0,0.019988562437802483,4.701709076248693e-06,-3.5500334325343027e-13,3.4435768554009125e-13,-7.100066865068605e-11,6.887153710801825e-11,-3.5500334325343027e-13,3.4435768554009125e-13,4.967470023938188e-09,5.003283506743621e-06,5e-06,3.283506743620944e-09,0.0006567013487241888
5040.0,0.01998851985596542,4.743050210054887e-06,-3.5484864216716887e-13,3.4450944838495277e-13,-7.096972843343377e-11,6.890188967699055e-11,-3.5484864216716887e-13,3.4450944838495277e-13,4.968357699323341e-09,5.003284084243192e-06,5e-06,3.2840842431915287e-09,0.0006568168486383057
5070.0,0.01998847729216314,4.784409026067226e-06,-3.546983523436396e-13,3.446568001028372e-13,-7.093967046872792e-11,6.893136002056744e-11,-3.546983523436396e-13,3.446568001028372e-13,4.969219820581603e-09,5.003284645117883e-06,5e-06,3.28464511788298e-09,0.000656929023576596
5100.0,0.019988434745881526,4.8257850101882955e-06,-3.54552346788421e-13,3.4479986767557345e-13,-7.09104693576842e-11,6.895997353511468e-11,-3.54552346788421e-13,3.4479986767557345e-13,4.970057123357337e-09,5.003285189846286e-06,5e-06,3.2851898462858543e-09,0.0006570379692571708
5130.0,0.019988392216621267,4.867177663119889e-06,-3.544105021634473e-13,3.4493877442994966e-13,-7.088210043268946e-11,6.898775488598993e-11,-3.544105021634473e-13,3.4493877442994966e-13,4.970870322117424e-09,5.003285718893215e-06,5e-06,3.285718893214563e-09,0.0006571437786429126
5160.0,0.019988349703897422,4.9085864999370354e-06,-3.5427269868168146e-13,3.45073640142883e-13,-7.085453973633629e-11,6.90147280285766e-11,-3.5427269868168146e-13,3.45073640142883e-13,4.9716601107608635e-09,5.003286232710101e-06,5e-06,3.2862327101003982e-09,0.0006572465420200796
5190.0,0.019988307207239025,4.950011049674263e-06,-3.541388200048667e-13,3.452045811435684e-13,-7.082776400097334e-11,6.904091622871368e-11,-3.541388200048667e-13,3.452045811435684e-13,4.972427163210916e-09,5.003286731735386e-06,5e-06,3.2867317353854007e-09,0.0006573463470770801
5220.0,0.019988264726188646,4.991450854923786e-06,-3.540087531441901e-13,3.453317104126899e-13,-7.080175062883802e-11,6.906634208253798e-11,-3.540087531441901e-13,3.453317104126899e-13,4.973172133990159e-09,5.003287216394882e-06,5e-06,3.2872163948815034e-09,0.0006574432789763007
5250.0,0.01998822226030204,5.032905471445239e-06,-3.538823883638303e-13,3.454551376787817e-13,-7.077647767276605e-11,6.909102753575635e-11,-3.538823883638303e-13,3.454551376787817e-13,4.973895658778969e-09,5.00328768710215e-06,5e-06,3.287687102150002e-09,0.0006575374204300003
5280.0,0.01998817980914775,5.074374467786658e-06,-3.5375961908728237e-13,3.455749695118179e-13,-7.075192381745648e-11,6.911499390236358e-11,-3.5375961908728237e-13,3.455749695118179e-13,4.974598354957931e-09,5.0032881442588425e-06,5e-06,3.288144258842061e-09,0.0006576288517684121
5310.0,0.019988137372306734,5.115857424916352e-06,-3.536403418063735e-13,3.4569130941411095e-13,-7.07280683612747e-11,6.913826188282219e-11,-3.536403418063735e-13,3.4569130941411095e-13,4.97528082213469e-09,5.003288588255046e-06,5e-06,3.2885882550459994e-09,0.0006577176510091998
5340.0,0.019988094949372013,5.157353935865384e-06,-3.535244559929067e-13,3.458042579085986e-13,-7.070489119858134e-11,6.916085158171972e-11,-3.535244559929067e-13,3.458042579085986e-13,4.975943642655545e-09,5.003289019469625e-06,5e-06,3.2890194696244077e-09,0.0006578038939248815
5370.0,0.019988052539948332,5.198863605380334e-06,-3.534118640128559e-13,3.4591391262458875e-13,-7.068237280257118e-11,6.918278252491774e-11,-3.534118640128559e-13,3.4591391262458875e-13,4.976587382102414e-09,5.0032894382705305e-06,5e-06,3.289438270530092e-09,0.0006578876541060184
5400.0,0.019988010143651806,5.240386049586059e-06,-3.5330247104302895e-13,3.460203683810408e-13,-7.066049420860579e-11,6.920407367620815e-11,-3.5330247104302895e-13,3.460203683810408e-13,4.9772125897754095e-09,5.003289845015123e-06,5e-06,3.2898450151228653e-09,0.000657969003024573
5430.0,0.019987967760109606,5.281920895658153e-06,-3.5319618499013144e-13,3.4612371726745103e-13,-7.063923699802629e-11,6.92247434534902e-11,-3.5319618499013144e-13,3.4612371726745103e-13,4.977819799161556e-09,5.0032902400504774e-06,5e-06,3.290240050477018e-09,0.0006580480100954036
5460.0,0.019987925388959632,5.3234677815048425e-06,-3.5309291641215695e-13,3.462240487224109e-13,-7.061858328243139e-11,6.924480974448217e-11,-3.5309291641215695e-13,3.462240487224109e-13,4.978409528390013e-09,5.003290623713675e-06,5e-06,3.2906237136743943e-09,0.0006581247427348789
5490.0,0.01998788302985022,5.365026355458031e-06,-3.52992578442059e-13,3.4632144960990574e-13,-7.05985156884118e-11,6.926428992198115e-11,-3.52992578442059e-13,3.4632144960990574e-13,4.978982280674212e-09,5.003290996332094e-06,5e-06,3.290996332093228e-09,0.0006581992664186455
5520.0,0.019987840682439816,5.406596275973242e-06,-3.528950867136017e-13,3.464160042934191e-13,-7.057901734272034e-11,6.928320085868382e-11,-3.528950867136017e-13,3.464160042934191e-13,4.979538544741212e-09,5.003291358223689e-06,5e-06,3.2913582236885117e-09,0.0006582716447377023
5550.0,0.0199877983463967,5.448177211338191e-06,-3.5280035928935654e-13,3.4650779470790437e-13,-7.056007185787131e-11,6.930155894158087e-11,-3.5280035928935654e-13,3.4650779470790437e-13,4.980078795248754e-09,5.003291709697258e-06,5e-06,3.291709697257965e-09,0.0006583419394515929
5580.0,0.019987756021398708,5.489768839389753e-06,-3.527083165907796e-13,3.4659690042968664e-13,-7.054166331815593e-11,6.931938008593732e-11,-3.527083165907796e-13,3.4659690042968664e-13,4.980603493190297e-09,5.003292051052715e-06,5e-06,3.292051052714778e-09,0.0006584102105429556
5610.0,0.019987713707132947,5.531370847239075e-06,-3.5261888133028203e-13,3.466833987443518e-13,-7.05237762660564e-11,6.933667974887036e-11,-3.5261888133028203e-13,3.466833987443518e-13,4.98111308628832e-09,5.003292382581335e-06,5e-06,3.2923825813349476e-09,0.0006584765162669895
5640.0,0.01998767140329553,5.572982931004597e-06,-3.525319784452872e-13,3.4676736471268435e-13,-7.050639568905744e-11,6.935347294253687e-11,-3.525319784452872e-13,3.4676736471268435e-13,4.981608009376442e-09,5.003292704566011e-06,5e-06,3.2927045660105368e-09,0.0006585409132021074
5670.0,0.019987629109591325,5.61460479555276e-06,-3.524475350341551e-13,3.4684887123470615e-13,-7.048950700683101e-11,6.936977424694123e-11,-3.524475350341551e-13,3.4684887123470615e-13,4.982088684770401e-09,5.00329301728149e-06,5e-06,3.2930172814893877e-09,0.0006586034562978775
5700.0,0.01998758682573369,5.656236154246186e-06,-3.5236548029397925e-13,3.4692798911187337e-13,-7.047309605879585e-11,6.938559782237467e-11,-3.5236548029397925e-13,3.4692798911187337e-13,4.9825555226284716e-09,5.003293320994612e-06,5e-06,3.2933209946114426e-09,0.0006586641989222885
5730.0,0.019987544551444233,5.697876728699083e-06,-3.5228574546014924e-13,3.470047871074834e-13,-7.045714909202985e-11,6.940095742149667e-11,-3.5228574546014924e-13,3.470047871074834e-13,4.983008921301353e-09,5.0032936159645345e-06,5e-06,3.293615964534055e-09,0.000658723192906811
5760.0,0.019987502286452585,5.739526248539724e-06,-3.5220826374768223e-13,3.470793320053429e-13,-7.044165274953644e-11,6.941586640106858e-11,-3.5220826374768223e-13,3.470793320053429e-13,4.98344926767223e-09,5.003293902442953e-06,5e-06,3.2939024429522184e-09,0.0006587804885904437
5790.0,0.01998746003049615,5.781184451179733e-06,-3.5213297029422153e-13,3.471516886667487e-13,-7.04265940588443e-11,6.943033773334974e-11,-3.5213297029422153e-13,3.471516886667487e-13,4.983876937486774e-09,5.003294180674319e-06,5e-06,3.294180674318794e-09,0.0006588361348637588
5820.0,0.019987417783319895,5.822851081590032e-06,-3.520598021046815e-13,3.472219200858276e-13,-7.04119604209363e-11,6.944438401716552e-11,-3.520598021046815e-13,3.472219200858276e-13,4.98429229567377e-09,5.003294450896046e-06,5e-06,3.294450896045259e-09,0.0006588901792090518
5850.0,0.01998737554467614,5.864525892083226e-06,-3.519886979974988e-13,3.472900874432841e-13,-7.039773959949976e-11,6.945801748865682e-11,-3.519886979974988e-13,3.472900874432841e-13,4.984695696656605e-09,5.003294713338712e-06,5e-06,3.2947133387117684e-09,0.0006589426677423536
5880.0,0.019987333314324313,5.906208642102258e-06,-3.5191959855240773e-13,3.473562501586015e-13,-7.038391971048155e-11,6.94712500317203e-11,-3.5191959855240773e-13,3.473562501586015e-13,4.985087484655587e-09,5.00329496822626e-06,5e-06,3.2949682262594347e-09,0.0006589936452518869
5910.0,0.019987291092030783,5.947899098015148e-06,-3.5185244605975344e-13,3.474204659407397e-13,-7.037048921195069e-11,6.948409318814794e-11,-3.5185244605975344e-13,3.474204659407397e-13,4.985467993981754e-09,5.003295215776181e-06,5e-06,3.2952157761809075e-09,0.0006590431552361814
5940.0,0.01998724887756865,5.989597032915632e-06,-3.5178718447122275e-13,3.4748279083737503e-13,-7.035743689424455e-11,6.9496558167475e-11,-3.5178718447122275e-13,3.4748279083737503e-13,4.985837549322074e-09,5.003295456199714e-06,5e-06,3.2954561997134983e-09,0.0006590912399426996
5970.0,0.019987206670717527,6.031302226429559e-06,-3.517237593520319e-13,3.4754327928272245e-13,-7.034475187040638e-11,6.950865585654448e-11,-3.517237593520319e-13,3.4754327928272245e-13,4.9861964660165176e-09,5.003295689702006e-06,5e-06,3.295689702005199e-09,0.0006591379404010398
6000.0,0.01998716447126339,6.073014464526837e-06,-3.5166211783446434e-13,3.4760198414398037e-13,-7.033242356689287e-11,6.952039682879608e-11,-3.5166211783446434e-13,3.4760198414398037e-13,4.986545050327191e-09,5.0032959164823065e-06,5e-06,3.2959164823061104e-09,0.000659183296461222
6030.0,0.019987122278998362,6.114733539338809e-06,-3.516022085727638e-13,3.4765895676644e-13,-7.032044171455276e-11,6.9531791353288e-11,-3.516022085727638e-13,3.4765895676644e-13,4.986883599699581e-09,5.003296136734125e-06,5e-06,3.296136734124298e-09,0.0006592273468248596
6060.0,0.019987080093720556,6.156459248980884e-06,-3.515439816993135e-13,3.477142470172959e-13,-7.030879633986271e-11,6.954284940345918e-11,-3.515439816993135e-13,3.477142470172959e-13,4.9872124030164085e-09,5.003296350645401e-06,5e-06,3.296350645400279e-09,0.0006592701290800558
6090.0,0.0199870379152339,6.198191397380268e-06,-3.514873887820847e-13,3.47767903328195e-13,-7.029747775641694e-11,6.9553580665639e-11,-3.514873887820847e-13,3.47767903328195e-13,4.987531740844127e-09,5.003296558398665e-06,5e-06,3.296558398664571e-09,0.0006593116797329142
6120.0,0.019986995743347967,6.239929794108655e-06,-3.5143238278331084e-13,3.4781997273656143e-13,-7.028647655666217e-11,6.956399454731228e-11,-3.5143238278331084e-13,3.4781997273656143e-13,4.9878418856723564e-09,5.0032967601711906e-06,5e-06,3.296760171190159e-09,0.0006593520342380318
6150.0,0.019986953577877806,6.281674254219743e-06,-3.5137891801933875e-13,3.478705009257316e-13,-7.027578360386775e-11,6.957410018514631e-11,-3.5137891801933875e-13,3.478705009257316e-13,4.988143102146335e-09,5.003296956135153e-06,5e-06,3.2969561351525826e-09,0.0006593912270305165
6180.0,0.019986911418643793,6.323424598091414e-06,-3.5132695012165834e-13,3.479195322639344e-13,-7.026539002433167e-11,6.958390645278688e-11,-3.5132695012165834e-13,3.479195322639344e-13,4.988435647292795e-09,5.003297146457764e-06,5e-06,3.297146457763769e-09,0.0006594292915527538
6210.0,0.019986869265471472,6.365180651272473e-06,-3.512764359990335e-13,3.4796710984214876e-13,-7.025528719980669e-11,6.959342196842975e-11,-3.512764359990335e-13,3.4796710984214876e-13,4.98871977073924e-09,5.003297331301425e-06,5e-06,3.2973313014244987e-09,0.0006594662602848997
6240.0,0.019986827118191417,6.406942244333778e-06,-3.5122733380073484e-13,3.480132755108721e-13,-7.024546676014696e-11,6.960265510217442e-11,-3.5122733380073484e-13,3.480132755108721e-13,4.98899571492701e-09,5.0032975108238646e-06,5e-06,3.2975108238641644e-09,0.0006595021647728328
6270.0,0.019986784976639076,6.4487092127236776e-06,-3.511796028808248e-13,3.4805806991582977e-13,-7.023592057616496e-11,6.961161398316595e-11,-3.511796028808248e-13,3.4805806991582977e-13,4.9892637153180744e-09,5.003297685178268e-06,5e-06,3.2976851782678276e-09,0.0006595370356535655
6300.0,0.01998674284065462,6.490481396627596e-06,-3.5113320376347597e-13,3.481015325326574e-13,-7.02266407526952e-11,6.962030650653148e-11,-3.5113320376347597e-13,3.481015325326574e-13,4.989524000596034e-09,5.003297854513408e-06,5e-06,3.2978545134075083e-09,0.0006595709026815017
6330.0,0.019986700710082846,6.532258640831667e-06,-3.5108809810928376e-13,3.481437017005836e-13,-7.021761962185675e-11,6.962874034011672e-11,-3.5108809810928376e-13,3.481437017005836e-13,4.989776792861191e-09,5.003298018973781e-06,5e-06,3.298018973780251e-09,0.0006596037947560502
6360.0,0.019986658584773002,6.574040794590284e-06,-3.5104424868255475e-13,3.4818461465514484e-13,-7.020884973651095e-11,6.963692293102896e-11,-3.5104424868255475e-13,3.4818461465514484e-13,4.9900223078201e-09,5.003298178699718e-06,5e-06,3.298178699717392e-09,0.0006596357399434783
6390.0,0.019986616464578687,6.615827711497478e-06,-3.510016193195261e-13,3.482243075599572e-13,-7.020032386390522e-11,6.964486151199144e-11,-3.510016193195261e-13,3.482243075599572e-13,4.990260754969638e-09,5.003298333827515e-06,5e-06,3.298333827515003e-09,0.0006596667655030006
6420.0,0.019986574349357702,6.657619249361987e-06,-3.509601748975182e-13,3.482628155375739e-13,-7.019203497950364e-11,6.965256310751478e-11,-3.509601748975182e-13,3.482628155375739e-13,4.990492337775723e-09,5.003298484489542e-06,5e-06,3.298484489541464e-09,0.0006596968979082927
6450.0,0.019986532238971948,6.699415270085922e-06,-3.5091988130494674e-13,3.4830017269945495e-13,-7.018397626098934e-11,6.966003453989099e-11,-3.5091988130494674e-13,3.4830017269945495e-13,4.990717253846966e-09,5.003298630814356e-06,5e-06,3.2986308143552e-09,0.00065972616287104
6480.0,0.0199864901332873,6.74121563954693e-06,-3.508807054122291e-13,3.4833641217507327e-13,-7.017614108244581e-11,6.966728243501466e-11,-3.508807054122291e-13,3.4833641217507327e-13,4.990935695103303e-09,5.003298772926815e-06,5e-06,3.2987729268147973e-09,0.0006597545853629594
6510.0,0.019986448032173497,6.7830202274837514e-06,-3.508426150435115e-13,3.4837156614018464e-13,-7.01685230087023e-11,6.967431322803692e-11,-3.508426150435115e-13,3.4837156614018464e-13,4.991147847939702e-09,5.0032989109481844e-06,5e-06,3.2989109481840334e-09,0.0006597821896368066
6540.0,0.01998640593550402,6.824828907385065e-06,-3.5080557894921315e-13,3.4840566584428137e-13,-7.016111578984263e-11,6.968113316885627e-11,-3.5080557894921315e-13,3.4840566584428137e-13,4.991353893385272e-09,5.0032990449962365e-06,5e-06,3.2990449962360633e-09,0.0006598089992472127
6570.0,0.019986363843156007,6.866641556381536e-06,-3.507695667793501e-13,3.484387416372575e-13,-7.015391335587002e-11,6.968774832745149e-11,-3.507695667793501e-13,3.484387416372575e-13,4.991554007257711e-09,5.0032991751853555e-06,5e-06,3.2991751853550633e-09,0.0006598350370710126
6600.0,0.01998632175501012,6.9084580551409725e-06,-3.5073454905765767e-13,3.484708229953063e-13,-7.014690981153154e-11,6.969416459906125e-11,-3.5073454905765767e-13,3.484708229953063e-13,4.991748360313346e-09,5.003299301626629e-06,5e-06,3.2993016266285574e-09,0.0006598603253257114
6630.0,0.01998627967095046,6.950278287766501e-06,-3.507004971564229e-13,3.485019385460714e-13,-7.014009943128458e-11,6.970038770921428e-11,-3.507004971564229e-13,3.485019385460714e-13,4.9919371183927695e-09,5.00329942442795e-06,5e-06,3.2994244279499084e-09,0.0006598848855899817
6660.0,0.019986237590864472,6.99210214169767e-06,-3.5066738327205943e-13,3.485321160930747e-13,-7.013347665441188e-11,6.970642321861494e-11,-3.5066738327205943e-13,3.485321160930747e-13,4.992120442562473e-09,5.003299543694104e-06,5e-06,3.299543694103868e-09,0.0006599087388207736
6690.0,0.019986195514642827,7.033929507614403e-06,-3.506351804013842e-13,3.485613826394404e-13,-7.012703608027683e-11,6.971227652788807e-11,-3.506351804013842e-13,3.485613826394404e-13,4.9922984892521745e-09,5.003299659526863e-06,5e-06,3.299659526862292e-09,0.0006599319053724584
6720.0,0.019986153442179345,7.075760279343716e-06,-3.5060386231857643e-13,3.485897644109367e-13,-7.012077246371529e-11,6.971795288218733e-11,-3.5060386231857643e-13,3.485897644109367e-13,4.992471410388331e-09,5.003299772025061e-06,5e-06,3.299772025060373e-09,0.0006599544050120746
6750.0,0.01998611137337092,7.117594353769118e-06,-3.5057340355279196e-13,3.4861728687835356e-13,-7.011468071055839e-11,6.972345737567071e-11,-3.5057340355279196e-13,3.4861728687835356e-13,4.9926393535238445e-09,5.003299881284695e-06,5e-06,3.2998812846948955e-09,0.000659976256938979
6780.0,0.019986069308117395,7.159431630742627e-06,-3.5054377936644755e-13,3.486439747792377e-13,-7.010875587328951e-11,6.972879495584754e-11,-3.5054377936644755e-13,3.486439747792377e-13,4.9928024619638436e-09,5.003299987398998e-06,5e-06,3.2999873989979293e-09,0.0006599974797995859
6810.0,0.01998602724632151,7.201272012999307e-06,-3.505149657340868e-13,3.486698521389993e-13,-7.010299314681736e-11,6.973397042779985e-11,-3.505149657340868e-13,3.486698521389993e-13,4.992960874888071e-09,5.003300090458515e-06,5e-06,3.3000904585147553e-09,0.0006600180917029511
6840.0,0.01998598518788879,7.243115406074277e-06,-3.5048693932189297e-13,3.486949422914138e-13,-7.00973878643786e-11,6.973898845828275e-11,-3.5048693932189297e-13,3.486949422914138e-13,4.993114727469574e-09,5.003300190551186e-06,5e-06,3.300190551185181e-09,0.0006600381102370362
6870.0,0.019985943132727495,7.2849617182221005e-06,-3.5045967746778326e-13,3.48719267898532e-13,-7.009193549355665e-11,6.97438535797064e-11,-3.5045967746778326e-13,3.48719267898532e-13,4.993264150990135e-09,5.00330028776242e-06,5e-06,3.300287762419774e-09,0.0006600575524839548
6900.0,0.019985901080748512,7.326810860338503e-06,-3.5043315816206606e-13,3.4874285097001736e-13,-7.008663163241321e-11,6.974857019400347e-11,-3.5043315816206606e-13,3.4874285097001736e-13,4.993409272952195e-09,5.003300382175165e-06,5e-06,3.3003821751642355e-09,0.0006600764350328471
6930.0,0.01998585903186531,7.368662745884335e-06,-3.504073600286479e-13,3.4876571288192685e-13,-7.008147200572957e-11,6.975314257638537e-11,-3.504073600286479e-13,3.4876571288192685e-13,4.993550217187686e-09,5.003300473869986e-06,5e-06,3.300473869985798e-09,0.0006600947739971596
6960.0,0.01998581698599383,7.410517290811728e-06,-3.5038226230681436e-13,3.487878743949506e-13,-7.007645246136287e-11,6.975757487899012e-11,-3.5038226230681436e-13,3.487878743949506e-13,4.993687103963731e-09,5.0033005629251245e-06,5e-06,3.3005629251240483e-09,0.0006601125850248097
6990.0,0.019985774943052453,7.452374413492383e-06,-3.503578448334986e-13,3.488093556721273e-13,-7.007156896669972e-11,6.976187113442546e-11,-3.503578448334986e-13,3.488093556721273e-13,4.993820050085215e-09,5.003300649416571e-06,5e-06,3.300649416570547e-09,0.0006601298833141093
7020.0,0.01998573290296189,7.49423403464791e-06,-3.5033408802609017e-13,3.4883017629604837e-13,-7.006681760521803e-11,6.976603525920967e-11,-3.5033408802609017e-13,3.4883017629604837e-13,4.993949168994528e-09,5.0033007334181285e-06,5e-06,3.3007334181281217e-09,0.0006601466836256243
7050.0,0.019985690865645143,7.536096077282178e-06,-3.5031097286570696e-13,3.4885035528556867e-13,-7.006219457314139e-11,6.977007105711374e-11,-3.5031097286570696e-13,3.4885035528556867e-13,4.994074570868228e-09,5.003300815001475e-06,5e-06,3.3008150014743947e-09,0.0006601630002948789
7080.0,0.01998564883102744,7.577960466615623e-06,-3.502884808809885e-13,3.48869911112034e-13,-7.005769617619769e-11,6.97739822224068e-11,-3.502884808809885e-13,3.48869911112034e-13,4.9941963627112436e-09,5.003300894236225e-06,5e-06,3.3008942362244628e-09,0.0006601788472448925
7110.0,0.01998560679903614,7.6198271300214285e-06,-3.502665941323145e-13,3.4888886171504396e-13,-7.00533188264629e-11,6.977777234300879e-11,-3.502665941323145e-13,3.4888886171504396e-13,4.994314648448008e-09,5.003300971189989e-06,5e-06,3.3009711899884957e-09,0.0006601942379976991
7140.0,0.019985564769600714,7.661695996963559e-06,-3.50245295196505e-13,3.4890722451775834e-13,-7.004905903930099e-11,6.978144490355166e-11,-3.50245295196505e-13,3.4890722451775834e-13,4.994429529011249e-09,5.003301045928431e-06,5e-06,3.3010459284301818e-09,0.0006602091856860364
7170.0,0.019985522742652653,7.70356699893657e-06,-3.502245671519622e-13,3.4892501644176453e-13,-7.004491343039244e-11,6.97850032883529e-11,-3.502245671519622e-13,3.4892501644176453e-13,4.994541102428049e-09,5.003301118515326e-06,5e-06,3.3011185153251725e-09,0.0006602237030650345
7200.0,0.019985480718125424,7.745440069407152e-06,-3.5020439356420993e-13,3.4894225392151744e-13,-7.004087871284198e-11,6.978845078430348e-11,-3.5020439356420993e-13,3.4894225392151744e-13,4.994649463903515e-09,5.0033011890126115e-06,5e-06,3.3011890126110582e-09,0.0006602378025222116
7230.0,0.01998543869595441,7.787315143757355e-06,-3.501847584718946e-13,3.489589529183616e-13,-7.003695169437893e-11,6.979179058367233e-11,-3.501847584718946e-13,3.489589529183616e-13,4.994754705902051e-09,5.003301257480444e-06,5e-06,3.301257480443272e-09,0.0006602514960886544
7260.0,0.019985396676076846,7.829192159229452e-06,-3.501656463731484e-13,3.489751289341521e-13,-7.003312927462968e-11,6.979502578683042e-11,-3.501656463731484e-13,3.489751289341521e-13,4.994856918226183e-09,5.003301323977245e-06,5e-06,3.3013239772442166e-09,0.0006602647954488433
7290.0,0.019985354658431778,7.87107105487239e-06,-3.501470422123641e-13,3.489907970244812e-13,-7.002940844247283e-11,6.979815940489624e-11,-3.501470422123641e-13,3.489907970244812e-13,4.9949561880932714e-09,5.003301388559755e-06,5e-06,3.301388559754936e-09,0.0006602777119509871
7320.0,0.019985312642960013,7.912951771489773e-06,-3.5012893136735684e-13,3.4900597181152584e-13,-7.002578627347136e-11,6.980119436230517e-11,-3.5012893136735684e-13,3.4900597181152584e-13,4.995052600209834e-09,5.003301451283085e-06,5e-06,3.30145128308424e-09,0.000660290256616848
7350.0,0.01998527062960406,7.954834251589355e-06,-3.501112996368735e-13,3.4902066749652445e-13,-7.00222599273747e-11,6.980413349930489e-11,-3.501112996368735e-13,3.4902066749652445e-13,4.995146236843949e-09,5.0033015122007566e-06,5e-06,3.301512200756141e-09,0.0006603024401512282
7380.0,0.01998522861830807,7.996718439333982e-06,-3.5009413322849237e-13,3.4903489787189443e-13,-7.001882664569847e-11,6.980697957437889e-11,-3.5009413322849237e-13,3.4903489787189443e-13,4.9952371778953465e-09,5.003301571364746e-06,5e-06,3.3015713647454277e-09,0.0006603142729490855
7410.0,0.01998518660901782,8.038604280493943e-06,-3.500774187468332e-13,3.490486763330023e-13,-7.001548374936664e-11,6.980973526660046e-11,-3.500774187468332e-13,3.490486763330023e-13,4.995325500963625e-09,5.003301628825543e-06,5e-06,3.301628825542887e-09,0.0006603257651085773
7440.0,0.019985144601680636,8.080491722400694e-06,-3.5006114318214756e-13,3.490620158895921e-13,-7.001222863642951e-11,6.981240317791842e-11,-3.5006114318214756e-13,3.490620158895921e-13,4.9954112814144906e-09,5.0033016846321735e-06,5e-06,3.3016846321730914e-09,0.0006603369264346182
7470.0,0.01998510259624537,8.12238071390192e-06,-3.500452938992001e-13,3.490749291768882e-13,-7.000905877984002e-11,6.981498583537764e-11,-3.500452938992001e-13,3.490749291768882e-13,4.995494592444024e-09,5.0033017388322626e-06,5e-06,3.301738832262163e-09,0.0006603477664524326
7500.0,0.01998506059266233,8.164271205317886e-06,-3.500298586265026e-13,3.490874284663756e-13,-7.000597172530052e-11,6.981748569327512e-11,-3.500298586265026e-13,3.490874284663756e-13,4.995575505141193e-09,5.003301791472054e-06,5e-06,3.3017914720538652e-09,0.000660358294410773
7530.0,0.01998501859088328,8.206163148399039e-06,-3.500148254458237e-13,3.490995256762722e-13,-7.000296508916474e-11,6.981990513525444e-11,-3.500148254458237e-13,3.490995256762722e-13,4.995654088548416e-09,5.0033018425964685e-06,5e-06,3.3018425964680495e-09,0.0006603685192936099
7560.0,0.019984976590861347,8.248056496284843e-06,-3.5000018278204454e-13,3.4911123238169765e-13,-7.00000365564089e-11,6.982224647633953e-11,-3.5000018278204454e-13,3.4911123238169765e-13,4.9957304097206095e-09,5.003301892249128e-06,5e-06,3.3018922491277595e-09,0.0006603784498255519
7590.0,0.01998493459255102,8.289951203463786e-06,-3.499859193932579e-13,3.4912255982455095e-13,-6.999718387865158e-11,6.982451196491019e-11,-3.499859193932579e-13,3.4912255982455095e-13,4.995804533782289e-09,5.003301940472403e-06,5e-06,3.3019404724024304e-09,0.0006603880944804861
7620.0,0.0199848925959081,8.331847225734559e-06,-3.4997202436118723e-13,3.4913351892310265e-13,-6.999440487223744e-11,6.982670378462052e-11,-3.4997202436118723e-13,3.4913351892310265e-13,4.995876523983214e-09,5.003301987307442e-06,5e-06,3.3019873074417697e-09,0.0006603974614883539
7650.0,0.019984850600889652,8.373744520168318e-06,-3.499584870818643e-13,3.4914412028131187e-13,-6.999169741637285e-11,6.982882405626237e-11,-3.499584870818643e-13,3.4914412028131187e-13,4.995946441752285e-09,5.003302032794208e-06,5e-06,3.302032794207945e-09,0.000660406558841589
7680.0,0.01998480860745398,8.415643045072062e-06,-3.499452972565943e-13,3.491543741978738e-13,-6.998905945131886e-11,6.983087483957476e-11,-3.499452972565943e-13,3.491543741978738e-13,4.9960143467500605e-09,5.003302076971512e-06,5e-06,3.3020769715120057e-09,0.0006604153943024011
7710.0,0.01998476661556059,8.457542759953064e-06,-3.499324448831497e-13,3.491642906750087e-13,-6.998648897662994e-11,6.983285813500173e-11,-3.499324448831497e-13,3.491642906750087e-13,4.996080296919565e-09,5.003302119877056e-06,5e-06,3.3021198770553884e-09,0.0006604239754110777
7740.0,0.01998472462517016,8.499443625484303e-06,-3.4991992024725097e-13,3.491738794269954e-13,-6.998398404945019e-11,6.983477588539907e-11,-3.4991992024725097e-13,3.491738794269954e-13,4.996144348535798e-09,5.003302161547447e-06,5e-06,3.302161547446857e-09,0.0006604323094893714
7770.0,0.01998468263624449,8.541345603470921e-06,-3.499077139142627e-13,3.4918314988846177e-13,-6.998154278285254e-11,6.983662997769236e-11,-3.499077139142627e-13,3.4918314988846177e-13,4.996206556253762e-09,5.003302202018244e-06,5e-06,3.302202018244008e-09,0.0006604404036488015
7800.0,0.019984640648746485,8.583248656817614e-06,-3.4989581672115473e-13,3.4919211122243384e-13,-6.997916334423094e-11,6.983842224448677e-11,-3.4989581672115473e-13,3.4919211122243384e-13,4.996266973154993e-09,5.003302241323981e-06,5e-06,3.302241323980374e-09,0.0006604482647960748
7830.0,0.019984598662640116,8.625152749496992e-06,-3.4988421976868245e-13,3.492007723281562e-13,-6.997684395373649e-11,6.984015446563124e-11,-3.4988421976868245e-13,3.492007723281562e-13,4.996325650792995e-09,5.003302279498196e-06,5e-06,3.3022794981959192e-09,0.0006604558996391838
7860.0,0.019984556677890383,8.667057846518833e-06,-3.4987291441378647e-13,3.492091418486836e-13,-6.997458288275729e-11,6.984182836973672e-11,-3.4987291441378647e-13,3.492091418486836e-13,4.996382639237149e-09,5.003302316573462e-06,5e-06,3.302316573461601e-09,0.0006604633146923202
7890.0,0.01998451469446331,8.708963913900221e-06,-3.4986189226221663e-13,3.4921722817825855e-13,-6.997237845244332e-11,6.98434456356517e-11,-3.4986189226221663e-13,3.4921722817825855e-13,4.996437987115416e-09,5.003302352581419e-06,5e-06,3.3023525814183358e-09,0.0006604705162836671
7920.0,0.019984472712325892,8.75087091863656e-06,-3.498511451613864e-13,3.4922503946947183e-13,-6.997022903227727e-11,6.984500789389436e-11,-3.498511451613864e-13,3.4922503946947183e-13,4.99649174165595e-09,5.003302387552788e-06,5e-06,3.302387552788008e-09,0.0006604775105576015
7950.0,0.019984430731446075,8.792778828673386e-06,-3.4984066519339265e-13,3.4923258364022006e-13,-6.996813303867853e-11,6.984651672804401e-11,-3.4984066519339265e-13,3.4923258364022006e-13,4.996543948727243e-09,5.0033024215174145e-06,5e-06,3.3024215174141296e-09,0.0006604843034828259
7980.0,0.019984388751792714,8.834687612879044e-06,-3.4983044466827417e-13,3.4923986838046247e-13,-6.996608893365483e-11,6.984797367609249e-11,-3.4983044466827417e-13,3.4923986838046247e-13,4.996594652877371e-09,5.003302454504275e-06,5e-06,3.302454504274545e-09,0.0006604909008549089
8010.0,0.01998434677333558,8.876597241018098e-06,-3.4982047611744567e-13,3.492469011587814e-13,-6.996409522348913e-11,6.984938023175629e-11,-3.4982047611744567e-13,3.492469011587814e-13,4.996643897371966e-09,5.003302486541521e-06,5e-06,3.3024865415203937e-09,0.0006604973083040787
8040.0,0.019984304796045304,8.91850768372555e-06,-3.4981075228732366e-13,3.492536892287567e-13,-6.996215045746473e-11,6.985073784575134e-11,-3.4981075228732366e-13,3.492536892287567e-13,4.996691724231147e-09,5.003302517656488e-06,5e-06,3.3025176564879704e-09,0.000660503531297594
8070.0,0.019984262819893368,8.960418912481768e-06,-3.4980126613314366e-13,3.492602396351538e-13,-6.996025322662873e-11,6.985204792703076e-11,-3.4980126613314366e-13,3.492602396351538e-13,4.996738174265367e-09,5.003302547875728e-06,5e-06,3.302547875727523e-09,0.0006605095751455046
8100.0,0.01998422084485207,9.002330899588162e-06,-3.4979201081294067e-13,3.4926655921993627e-13,-6.995840216258813e-11,6.985331184398726e-11,-3.4979201081294067e-13,3.4926655921993627e-13,4.996783287110233e-09,5.003302577225025e-06,5e-06,3.302577225024428e-09,0.0006605154450048856
8130.0,0.019984178870894508,9.044243618143537e-06,-3.4978297968170964e-13,3.4927265462810224e-13,-6.995659593634192e-11,6.985453092562044e-11,-3.4978297968170964e-13,3.4927265462810224e-13,4.996827101260355e-09,5.003302605729423e-06,5e-06,3.3026057294229086e-09,0.0006605211458845817
8160.0,0.019984136897994553,9.08615704202114e-06,-3.497741662857488e-13,3.4927853231335705e-13,-6.995483325714975e-11,6.985570646267141e-11,-3.497741662857488e-13,3.4927853231335705e-13,4.996869654102135e-09,5.003302633413246e-06,5e-06,3.3026334132455162e-09,0.0006605266826491032
8190.0,0.01998409492612683,9.128071145846375e-06,-3.497655643571364e-13,3.492841985436181e-13,-6.995311287142728e-11,6.985683970872361e-11,-3.497655643571364e-13,3.492841985436181e-13,4.9969109819457795e-09,5.003302660300115e-06,5e-06,3.3026603001143055e-09,0.0006605320600228611
8220.0,0.019984052955266694,9.169985904975138e-06,-3.4975716780839204e-13,3.4928965940636357e-13,-6.99514335616784e-11,6.985793188127271e-11,-3.4975716780839204e-13,3.4928965940636357e-13,4.996951120056104e-09,5.003302686412974e-06,5e-06,3.302686412973705e-09,0.000660537282594741
8250.0,0.01998401098539021,9.211901295472799e-06,-3.4974897072728126e-13,3.4929492081382803e-13,-6.994979414545625e-11,6.985898416276561e-11,-3.4974897072728126e-13,3.4929492081382803e-13,4.9969901026828356e-09,5.003302711774104e-06,5e-06,3.3027117741032223e-09,0.0006605423548206444
8280.0,0.019983969016474125,9.253817294093764e-06,-3.497409673717691e-13,3.492999885080458e-13,-6.994819347435382e-11,6.985999770160916e-11,-3.497409673717691e-13,3.492999885080458e-13,4.997027963089636e-09,5.003302736405144e-06,5e-06,3.302736405143702e-09,0.0006605472810287404
8310.0,0.019983927048495866,9.295733878261654e-06,-3.497331521651168e-13,3.4930486806575186e-13,-6.994663043302336e-11,6.986097361315037e-11,-3.497331521651168e-13,3.4930486806575186e-13,4.997064733582657e-09,5.003302760327115e-06,5e-06,3.302760327114267e-09,0.0006605520654228533
8340.0,0.019983885081433506,9.337651026050034e-06,-3.4972551969113313e-13,3.493095649031393e-13,-6.994510393822662e-11,6.986191298062786e-11,-3.4972551969113313e-13,3.493095649031393e-13,4.997100445537994e-09,5.003302783560427e-06,5e-06,3.302783560426717e-09,0.0006605567120853434
8370.0,0.019983843115265743,9.379568716163692e-06,-3.497180646895383e-13,3.493140842804818e-13,-6.994361293790765e-11,6.986281685609635e-11,-3.497180646895383e-13,3.493140842804818e-13,4.997135129428517e-09,5.003302806124905e-06,5e-06,3.3028061249050112e-09,0.0006605612249810022
8400.0,0.0199838011499719,9.421486927920487e-06,-3.4971078205149074e-13,3.4931843130662206e-13,-6.994215641029815e-11,6.986368626132441e-11,-3.4971078205149074e-13,3.4931843130662206e-13,4.997168814849826e-09,5.003302828039804e-06,5e-06,3.3028280398039026e-09,0.0006605656079607805
8430.0,0.019983759185531882,9.463405641233689e-06,-3.497036668152229e-13,3.4932261094333077e-13,-6.994073336304458e-11,6.986452218866615e-11,-3.497036668152229e-13,3.4932261094333077e-13,4.99720153054555e-09,5.003302849323825e-06,5e-06,3.3028493238241845e-09,0.0006605698647648368
8460.0,0.019983717221926184,9.505324836594834e-06,-3.4969671416179655e-13,3.4932662800954066e-13,-6.993934283235931e-11,6.986532560190813e-11,-3.4969671416179655e-13,3.4932662800954066e-13,4.997233304431854e-09,5.003302869995126e-06,5e-06,3.3028699951253963e-09,0.0006605739990250793
8490.0,0.019983675259135854,9.547244495057091e-06,-3.496899194110035e-13,3.493304871854588e-13,-6.99379838822007e-11,6.986609743709175e-11,-3.496899194110035e-13,3.493304871854588e-13,4.997264163621258e-09,5.003302890071349e-06,5e-06,3.3028900713486932e-09,0.0006605780142697386
8520.0,0.019983633297142492,9.589164598219078e-06,-3.496832780173697e-13,3.493341930165594e-13,-6.993665560347394e-11,6.986683860331188e-11,-3.496832780173697e-13,3.493341930165594e-13,4.997294134445771e-09,5.003302909569623e-06,5e-06,3.3029095696227755e-09,0.0006605819139245551
8550.0,0.019983591335928225,9.631085128209174e-06,-3.496767855662749e-13,3.4933774991746366e-13,-6.993535711325498e-11,6.986754998349273e-11,-3.496767855662749e-13,3.4933774991746366e-13,4.997323242479382e-09,5.003302928506588e-06,5e-06,3.3029285065876054e-09,0.0006605857013175211
8580.0,0.019983549375475695,9.673006067670259e-06,-3.4967043777018e-13,3.4934116217570564e-13,-6.9934087554036e-11,6.986823243514113e-11,-3.4967043777018e-13,3.4934116217570564e-13,4.9973515125598355e-09,5.003302946898402e-06,5e-06,3.3029468984011834e-09,0.0006605893796802366
8610.0,0.019983507415768043,9.714927399744904e-06,-3.496642304649839e-13,3.4934443395539086e-13,-6.993284609299677e-11,6.986888679107818e-11,-3.496642304649839e-13,3.4934443395539086e-13,4.997378968809898e-09,5.003302964760756e-06,5e-06,3.302964760755642e-09,0.0006605929521511283
8640.0,0.01998346545678889,9.756849108060994e-06,-3.496581596064516e-13,3.493475693007505e-13,-6.993163192129031e-11,6.98695138601501e-11,-3.496581596064516e-13,3.493475693007505e-13,4.9974056346578315e-09,5.0033029821088954e-06,5e-06,3.302982108895033e-09,0.0006605964217790065
8670.0,0.01998342349852234,9.798771176717745e-06,-3.4965222126677703e-13,3.4935057213959147e-13,-6.99304442533554e-11,6.987011442791829e-11,-3.4965222126677703e-13,3.4935057213959147e-13,4.99743153285752e-09,5.0033029989576225e-06,5e-06,3.302998957622104e-09,0.0006605997915244208
8700.0,0.019983381540952947,9.840693590272143e-06,-3.49646411631223e-13,3.4935344628664794e-13,-6.992928232624459e-11,6.987068925732959e-11,-3.49646411631223e-13,3.4935344628664794e-13,4.997456685507769e-09,5.003303015321313e-06,5e-06,3.3030153213126987e-09,0.0006606030642625397
8730.0,0.019983339584065705,9.882616333725763e-06,-3.496407269948753e-13,3.4935619544683674e-13,-6.992814539897507e-11,6.987123908936735e-11,-3.496407269948753e-13,3.4935619544683674e-13,4.997481114071231e-09,5.003303031213929e-06,5e-06,3.3030312139284608e-09,0.0006606062427856922
8760.0,0.019983297627846053,9.924539392511974e-06,-3.4963516375946583e-13,3.493588232184189e-13,-6.992703275189317e-11,6.987176464368377e-11,-3.4963516375946583e-13,3.493588232184189e-13,4.997504839392698e-09,5.003303046649034e-06,5e-06,3.303046649033776e-09,0.0006606093298067552
8790.0,0.01998325567227984,9.966462752483502e-06,-3.4962971843032704e-13,3.4936133309606967e-13,-6.992594368606541e-11,6.987226661921393e-11,-3.4962971843032704e-13,3.4936133309606967e-13,4.997527881716866e-09,5.003303061639799e-06,5e-06,3.3030616397983125e-09,0.0006606123279596624
8820.0,0.019983213717353326,1.0008386399900366e-05,-3.4962438761338204e-13,3.493637284738607e-13,-6.992487752267641e-11,6.987274569477215e-11,-3.4962438761338204e-13,3.493637284738607e-13,4.997550260705697e-09,5.003303076199012e-06,5e-06,3.303076199011421e-09,0.0006606152398022842
8850.0,0.01998317176305317,1.0050310321418146e-05,-3.4961916801226814e-13,3.493660126481564e-13,-6.992383360245363e-11,6.987320252963127e-11,-3.4961916801226814e-13,3.493660126481564e-13,4.997571995455036e-09,5.003303090339102e-06,5e-06,3.3030903391016156e-09,0.0006606180678203231
8880.0,0.019983129809366403,1.0092234504076596e-05,-3.496140564255154e-13,3.4936818882042574e-13,-6.992281128510308e-11,6.987363776408515e-11,-3.496140564255154e-13,3.4936818882042574e-13,4.997593104511079e-09,5.003303104072131e-06,5e-06,3.3031040721306457e-09,0.0006606208144261291
8910.0,0.01998308785628044,1.0134158935288594e-05,-3.4960904974381637e-13,3.493702600999759e-13,-6.992180994876327e-11,6.987405201999518e-11,-3.4960904974381637e-13,3.493702600999759e-13,4.997613605886098e-09,5.003303117409818e-06,5e-06,3.303117409817212e-09,0.0006606234819634424
8940.0,0.019983045903783043,1.0176083602829387e-05,-3.496041449473707e-13,3.49372229506603e-13,-6.992082898947414e-11,6.987444590132059e-11,-3.496041449473707e-13,3.49372229506603e-13,4.997633517073813e-09,5.0033031303635425e-06,5e-06,3.3031303635420493e-09,0.0006606260727084098
8970.0,0.01998300395186235,1.0218008494826168e-05,-3.495993391033185e-13,3.493740999731714e-13,-6.991986782066369e-11,6.987481999463428e-11,-3.495993391033185e-13,3.493740999731714e-13,4.997652855064352e-09,5.003303142944358e-06,5e-06,3.3031429443572435e-09,0.0006606285888714487
9000.0,0.019982962000506824,1.025993359974794e-05,-3.4959462936322346e-13,3.49375874348114e-13,-6.991892587264469e-11,6.98751748696228e-11,-3.4959462936322346e-13,3.49375874348114e-13,4.997671636358747e-09,5.003303155163002e-06,5e-06,3.303155163001478e-09,0.0006606310326002956
9030.0,0.019982920049705272,1.0301858906395683e-05,-3.49590012960654e-13,3.49377555397865e-13,-6.99180025921308e-11,6.9875511079573e-11,-3.49590012960654e-13,3.49377555397865e-13,4.997689876982999e-09,5.0033031670299e-06,5e-06,3.303167029899188e-09,0.0006606334059798375
9060.0,0.019982878099446804,1.0343784403892789e-05,-3.495854872088155e-13,3.493791458092181e-13,-6.99170974417631e-11,6.987582916184362e-11,-3.495854872088155e-13,3.493791458092181e-13,4.997707592501755e-09,5.003303178555176e-06,5e-06,3.3031785551758045e-09,0.0006606357110351609
9090.0,0.01998283614972086,1.0385710081675784e-05,-3.4958104949825363e-13,3.493806481916216e-13,-6.991620989965073e-11,6.987612963832432e-11,-3.4958104949825363e-13,3.493806481916216e-13,4.997724798031575e-09,5.003303189748667e-06,5e-06,3.3031897486662275e-09,0.0006606379497332454
9120.0,0.019982794200517188,1.0427635929485314e-05,-3.4957669729464727e-13,3.4938206507940305e-13,-6.991533945892945e-11,6.987641301588061e-11,-3.4957669729464727e-13,3.4938206507940305e-13,4.997741508253889e-09,5.003303200619923e-06,5e-06,3.3032006199224475e-09,0.0006606401239844894
9150.0,0.019982752251825813,1.0469561937357385e-05,-3.4957242813662615e-13,3.4938339893393263e-13,-6.991448562732523e-11,6.987667978678652e-11,-3.4957242813662615e-13,3.4938339893393263e-13,4.997757737427433e-09,5.00330321117822e-06,5e-06,3.3032111782194752e-09,0.000660642235643895
9180.0,0.01998271030363706,1.0511488095614871e-05,-3.49568239633672e-13,3.4938465214572365e-13,-6.99136479267344e-11,6.987693042914473e-11,-3.49568239633672e-13,3.4938465214572365e-13,4.99777349940052e-09,5.003303221432569e-06,5e-06,3.3032214325688942e-09,0.0006606442865137788
9210.0,0.01998266835594153,1.0553414394859245e-05,-3.495641294640947e-13,3.493858270364719e-13,-6.991282589281894e-11,6.987716540729438e-11,-3.495641294640947e-13,3.493858270364719e-13,4.997788807622743e-09,5.00330323139172e-06,5e-06,3.303231391719708e-09,0.0006606462783439415
9240.0,0.019982626408730084,1.0595340825962568e-05,-3.4956009537302765e-13,3.493869258610369e-13,-6.991201907460553e-11,6.987738517220738e-11,-3.4956009537302765e-13,3.493869258610369e-13,4.997803675156579e-09,5.003303241064169e-06,5e-06,3.3032410641685035e-09,0.0006606482128337006
9270.0,0.01998258446199386,1.0637267380059693e-05,-3.495561351705276e-13,3.4938795080936605e-13,-6.991122703410552e-11,6.987759016187321e-11,-3.495561351705276e-13,3.4938795080936605e-13,4.9978181146883754e-09,5.003303250458168e-06,5e-06,3.3032504581679233e-09,0.0006606500916335847
9300.0,0.01998254251572425,1.0679194048540695e-05,-3.49552246729687e-13,3.4938890400836297e-13,-6.99104493459374e-11,6.987778080167259e-11,-3.49552246729687e-13,3.4938890400836297e-13,4.997832138539375e-09,5.003303259581738e-06,5e-06,3.303259581737675e-09,0.000660651916347535
9330.0,0.01998250056991289,1.072112082304354e-05,-3.495484279848344e-13,3.4938978752370295e-13,-6.990968559696688e-11,6.98779575047406e-11,-3.495484279848344e-13,3.4938978752370295e-13,4.997845758676045e-09,5.00330326844266e-06,5e-06,3.3032684426594506e-09,0.0006606536885318901
9360.0,0.01998245862455166,1.0763047695446932e-05,-3.4954467692975846e-13,3.4939060336159504e-13,-6.990893538595169e-11,6.987812067231901e-11,-3.4954467692975846e-13,3.4939060336159504e-13,4.997858986720405e-09,5.003303277048497e-06,5e-06,3.303277048496407e-09,0.0006606554096992813
9390.0,0.019982416679632665,1.0804974657863391e-05,-3.4954099161600616e-13,3.4939135347049413e-13,-6.990819832320123e-11,6.987827069409882e-11,-3.4954099161600616e-13,3.4939135347049413e-13,4.99787183395987e-09,5.003303285406592e-06,5e-06,3.303285406591473e-09,0.0006606570813182946
9420.0,0.01998237473514825,1.0846901702632521e-05,-3.4953737015121224e-13,3.4939203974276387e-13,-6.990747403024244e-11,6.987840794855277e-11,-3.4953737015121224e-13,3.4939203974276387e-13,4.997884311356945e-09,5.003303293524077e-06,5e-06,3.303293524076666e-09,0.0006606587048153331
9450.0,0.01998233279109097,1.0888828822314476e-05,-3.495338106974886e-13,3.4939266401629094e-13,-6.990676213949772e-11,6.987853280325819e-11,-3.495338106974886e-13,3.4939266401629094e-13,4.997896429558544e-09,5.0033033014078794e-06,5e-06,3.303301407879021e-09,0.0006606602815758042
9480.0,0.019982290847453597,1.0930756009683603e-05,-3.495303114698591e-13,3.493932280760535e-13,-6.990606229397182e-11,6.98786456152107e-11,-3.495303114698591e-13,3.493932280760535e-13,4.997908198905067e-09,5.003303309064725e-06,5e-06,3.3033090647248273e-09,0.0006606618129449655
9510.0,0.01998224890422911,1.097268325772228e-05,-3.4952687073472904e-13,3.493937336556439e-13,-6.99053741469458e-11,6.987874673112878e-11,-3.4952687073472904e-13,3.493937336556439e-13,4.99791962943924e-09,5.003303316501147e-06,5e-06,3.3033165011464027e-09,0.0006606633002292805
9540.0,0.019982206961410693,1.1014610559614931e-05,-3.495234868084109e-13,3.493941824387494e-13,-6.990469736168218e-11,6.987883648774987e-11,-3.495234868084109e-13,3.493941824387494e-13,4.997930730914709e-09,5.003303323723492e-06,5e-06,3.303323723491412e-09,0.0006606647446982824
9570.0,0.019982165018991728,1.10565379087422e-05,-3.495201580556911e-13,3.4939457606058686e-13,-6.990403161113822e-11,6.987891521211737e-11,-3.495201580556911e-13,3.4939457606058686e-13,4.9979415128043074e-09,5.003303330737922e-06,5e-06,3.303330737921173e-09,0.0006606661475842346
9600.0,0.01998212307696578,1.1098465298675316e-05,-3.495168828884234e-13,3.4939491610929956e-13,-6.990337657768467e-11,6.98789832218599e-11,-3.495168828884234e-13,3.4939491610929956e-13,4.997951984308158e-09,5.003303337550422e-06,5e-06,3.3033375504216677e-09,0.0006606675100843335
9630.0,0.019982081135326606,1.1140392723170593e-05,-3.495136597641825e-13,3.4939520412731123e-13,-6.99027319528365e-11,6.987904082546225e-11,-3.495136597641825e-13,3.4939520412731123e-13,4.997962154361579e-09,5.003303344166806e-06,5e-06,3.303344166805236e-09,0.0006606688333610472
9660.0,0.019982039194068147,1.1182320176164108e-05,-3.495104871849513e-13,3.493954416126432e-13,-6.990209743699025e-11,6.987908832252864e-11,-3.495104871849513e-13,3.493954416126432e-13,4.997972031642613e-09,5.00330335059272e-06,5e-06,3.3033505927198932e-09,0.0006606701185439786
9690.0,0.019981997253184506,1.122424765176653e-05,-3.4950736369583077e-13,3.4939563002019216e-13,-6.990147273916615e-11,6.987912600403843e-11,-3.4950736369583077e-13,3.4939563002019216e-13,4.9979816245795075e-09,5.003303356833647e-06,5e-06,3.30335683364679e-09,0.000660671366729358
9720.0,0.01998195531266996,1.1266175144258087e-05,-3.49504287883806e-13,3.4939577076297167e-13,-6.99008575767612e-11,6.987915415259434e-11,-3.49504287883806e-13,3.4939577076297167e-13,4.997990941357883e-09,5.003303362894912e-06,5e-06,3.3033628949112227e-09,0.0006606725789822445
9750.0,0.019981913372518957,1.1308102648083686e-05,-3.4950125837654205e-13,3.4939586521331795e-13,-6.990025167530841e-11,6.987917304266359e-11,-3.4950125837654205e-13,3.4939586521331795e-13,4.997999989927688e-09,5.003303368781688e-06,5e-06,3.303368781687715e-09,0.000660673756337543
9780.0,0.019981871432726096,1.1350030157848175e-05,-3.4949827384120734e-13,3.493959147040609e-13,-6.989965476824147e-11,6.987918294081217e-11,-3.4949827384120734e-13,3.493959147040609e-13,4.998008778010044e-09,5.003303374498996e-06,5e-06,3.3033744989957847e-09,0.0006606748997991569
9810.0,0.01998182949328614,1.1391957668311734e-05,-3.494953329833444e-13,3.4939592052966083e-13,-6.989906659666888e-11,6.987918410593216e-11,-3.494953329833444e-13,3.4939592052966083e-13,4.998017313103788e-09,5.003303380051717e-06,5e-06,3.3033800517168823e-09,0.0006606760103433765
9840.0,0.019981787554193994,1.1433885174385412e-05,-3.494924345457548e-13,3.4939588394731395e-13,-6.989848690915096e-11,6.987917678946279e-11,-3.494924345457548e-13,3.4939588394731395e-13,4.998025602491855e-09,5.003303385444586e-06,5e-06,3.303385444585922e-09,0.0006606770889171844
9870.0,0.019981745615444715,1.1475812671126773e-05,-3.49489577307433e-13,3.4939580617802484e-13,-6.98979154614866e-11,6.987916123560497e-11,-3.49489577307433e-13,3.4939580617802484e-13,4.9980336532475734e-09,5.003303390682209e-06,5e-06,3.303390682208222e-09,0.0006606781364416444
9900.0,0.01998170367703351,1.1517740153735691e-05,-3.494867600825264e-13,3.493956884076478e-13,-6.989735201650527e-11,6.987913768152956e-11,-3.494867600825264e-13,3.493956884076478e-13,4.9980414722406e-09,5.0033033957690514e-06,5e-06,3.3033957690510344e-09,0.0006606791538102068
9930.0,0.0199816617389557,1.155966761755024e-05,-3.494839817193194e-13,3.4939553178789924e-13,-6.989679634386388e-11,6.987910635757985e-11,-3.494839817193194e-13,3.4939553178789924e-13,4.998049066142836e-09,5.003303400709456e-06,5e-06,3.3034007094554025e-09,0.0006606801418910805
9960.0,0.019981619801206767,1.160159505804272e-05,-3.494812410992459e-13,3.4939533743734025e-13,-6.989624821984918e-11,6.987906748746805e-11,-3.494812410992459e-13,3.4939533743734025e-13,4.998056441434152e-09,5.0033034055076366e-06,5e-06,3.3034055076361626e-09,0.0006606811015272325
9990.0,0.01998157786378231,1.1643522470815801e-05,-3.4947853713595e-13,3.4939510644233136e-13,-6.989570742719e-11,6.987902128846627e-11,-3.4947853713595e-13,3.4939510644233136e-13,4.99806360440784e-09,5.00330341016769e-06,5e-06,3.303410167689566e-09,0.0006606820335379131
10020.0,0.01998153592667806,1.1685449851598755e-05,-3.4947586877434546e-13,3.493948398579589e-13,-6.989517375486909e-11,6.987896797159178e-11,-3.4947586877434546e-13,3.493948398579589e-13,4.998070561176049e-09,5.003303414693591e-06,5e-06,3.303414693590738e-09,0.0006606829387181476
10050.0,0.01998149398988986,1.1727377196243828e-05,-3.4947323498971674e-13,3.493945387089363e-13,-6.989464699794335e-11,6.987890774178726e-11,-3.4947323498971674e-13,3.493945387089363e-13,4.998077317674937e-09,5.003303419089201e-06,5e-06,3.303419089200455e-09,0.000660683817840091
10080.0,0.019981452053413687,1.1769304500722687e-05,-3.494706347868487e-13,3.4939420399047734e-13,-6.989412695736974e-11,6.987884079809547e-11,-3.494706347868487e-13,3.4939420399047734e-13,4.9980838796698045e-09,5.003303423358272e-06,5e-06,3.3034233582719203e-09,0.000660684671654384
10110.0,0.019981410117245624,1.1811231761122986e-05,-3.494680671991809e-13,3.493938366691458e-13,-6.989361343983618e-11,6.987876733382916e-11,-3.494680671991809e-13,3.493938366691458e-13,4.9980902527599825e-09,5.003303427504447e-06,5e-06,3.303427504446528e-09,0.0006606855008893056
10140.0,0.019981368181381874,1.1853158973645027e-05,-3.4946553128797303e-13,3.493934376836808e-13,-6.98931062575946e-11,6.987868753673615e-11,-3.4946553128797303e-13,3.493934376836808e-13,4.998096442383592e-09,5.003303431531264e-06,5e-06,3.303431531263182e-09,0.0006606863062526364
10170.0,0.019981326245818738,1.1895086134598522e-05,-3.49463026141508e-13,3.4939300794579705e-13,-6.98926052283016e-11,6.987860158915941e-11,-3.49463026141508e-13,3.4939300794579705e-13,4.998102453822217e-09,5.003303435442157e-06,5e-06,3.303435442156601e-09,0.0006606870884313202
10200.0,0.01998128431055263,1.1937013240399436e-05,-3.494605508743178e-13,3.493925483409631e-13,-6.989211017486356e-11,6.987850966819262e-11,-3.494605508743178e-13,3.493925483409631e-13,4.998108292205385e-09,5.003303439240463e-06,5e-06,3.303439240462401e-09,0.0006606878480924801
10230.0,0.019981242375580074,1.1978940287566934e-05,-3.4945810462642805e-13,3.4939205972915706e-13,-6.989162092528561e-11,6.987841194583141e-11,-3.4945810462642805e-13,3.4939205972915706e-13,4.998113962514957e-09,5.003303442929425e-06,5e-06,3.3034429294247173e-09,0.0006606885858849434
10260.0,0.019981200440897687,1.2020867272720406e-05,-3.494556865626128e-13,3.493915429455998e-13,-6.989113731252256e-11,6.987830858911996e-11,-3.494556865626128e-13,3.493915429455998e-13,4.998119469589411e-09,5.0033034465121915e-06,5e-06,3.303446512191125e-09,0.000660689302438225
10290.0,0.01998115850650218,1.2062794192576582e-05,-3.494532958716956e-13,3.49390998801469e-13,-6.989065917433911e-11,6.98781997602938e-11,-3.494532958716956e-13,3.49390998801469e-13,4.998124818127897e-09,5.003303449991817e-06,5e-06,3.303449991816872e-09,0.0006606899983633744
10320.0,0.019981116572390364,1.2104721043946733e-05,-3.494509317658569e-13,3.493904280845891e-13,-6.989018635317137e-11,6.987808561691782e-11,-3.494509317658569e-13,3.493904280845891e-13,4.998130012694291e-09,5.003303453371272e-06,5e-06,3.3034533712716555e-09,0.0006606906742543311
10350.0,0.019981074638559148,1.2146647823733946e-05,-3.494485934799431e-13,3.4938983156010604e-13,-6.988971869598861e-11,6.987796631202121e-11,-3.494485934799431e-13,3.4938983156010604e-13,4.998135057721098e-09,5.003303456653441e-06,5e-06,3.30345665344047e-09,0.0006606913306880939
10380.0,0.01998103270500552,1.2188574528930482e-05,-3.494462802708409e-13,3.493892099711389e-13,-6.988925605416818e-11,6.987784199422778e-11,-3.494462802708409e-13,3.493892099711389e-13,4.99813995751322e-09,5.003303459841126e-06,5e-06,3.3034598411253e-09,0.00066069196822506
10410.0,0.019980990771726548,1.2230501156615211e-05,-3.4944399141682157e-13,3.4938856403941313e-13,-6.988879828336431e-11,6.987771280788262e-11,-3.4944399141682157e-13,3.4938856403941313e-13,4.998144716251624e-09,5.003303462937043e-06,5e-06,3.3034629370425807e-09,0.0006606925874085161
10440.0,0.01998094883871941,1.2272427703951117e-05,-3.494417262169357e-13,3.4938789446587826e-13,-6.988834524338714e-11,6.987757889317565e-11,-3.494417262169357e-13,3.4938789446587826e-13,4.998149337996928e-09,5.003303465943836e-06,5e-06,3.3034659438359017e-09,0.0006606931887671803
10470.0,0.019980906905981328,1.2314354168182875e-05,-3.494394839904171e-13,3.4938720193130455e-13,-6.988789679808341e-11,6.987744038626091e-11,-3.494394839904171e-13,3.4938720193130455e-13,4.9981538266928484e-09,5.0033034688640705e-06,5e-06,3.3034688640700788e-09,0.0006606937728140158
10500.0,0.01998086497350964,1.23562805466345e-05,-3.494372640760846e-13,3.49386487096865e-13,-6.988745281521692e-11,6.9877297419373e-11,-3.494372640760846e-13,3.49386487096865e-13,4.998158186169566e-09,5.003303471700238e-06,5e-06,3.30347170023793e-09,0.000660694340047586
10530.0,0.019980823041301738,1.2398206836707064e-05,-3.4943506583180646e-13,3.493857506046987e-13,-6.988701316636129e-11,6.987715012093974e-11,-3.4943506583180646e-13,3.493857506046987e-13,4.998162420146989e-09,5.003303474454758e-06,5e-06,3.303474454757734e-09,0.0006606948909515468
10560.0,0.0199807811093551,1.2440133035876479e-05,-3.4943288863392326e-13,3.493849930784588e-13,-6.988657772678465e-11,6.987699861569176e-11,-3.4943288863392326e-13,3.493849930784588e-13,4.998166532237992e-09,5.003303477129982e-06,5e-06,3.303477129981702e-09,0.0006606954259963404
10590.0,0.019980739177667274,1.2482059141691341e-05,-3.4943073187674267e-13,3.4938421512384546e-13,-6.988614637534853e-11,6.987684302476909e-11,-3.4943073187674267e-13,3.4938421512384546e-13,4.998170525951369e-09,5.003303479728193e-06,5e-06,3.3034797281925873e-09,0.0006606959456385175
10620.0,0.019980697246235878,1.2523985151770836e-05,-3.494285949719955e-13,3.4938341732912154e-13,-6.988571899439909e-11,6.98766834658243e-11,-3.494285949719955e-13,3.4938341732912154e-13,4.998174404694943e-09,5.003303482251607e-06,5e-06,3.303482251606228e-09,0.0006606964503212456
10650.0,0.019980655315058597,1.2565911063802709e-05,-3.494264773483558e-13,3.4938260026561536e-13,-6.988529546967116e-11,6.987652005312307e-11,-3.494264773483558e-13,3.4938260026561536e-13,4.9981781717784455e-09,5.003303484702378e-06,5e-06,3.3034847023774764e-09,0.0006606969404754952
10680.0,0.019980613384133185,1.2607836875541293e-05,-3.494243784509402e-13,3.493817644882084e-13,-6.988487569018804e-11,6.987635289764168e-11,-3.494243784509402e-13,3.493817644882084e-13,4.998181830416298e-09,5.003303487082597e-06,5e-06,3.3034870825968094e-09,0.0006606974165193619
10710.0,0.019980571453457455,1.264976258480559e-05,-3.494222977408431e-13,3.4938091053580763e-13,-6.988445954816862e-11,6.987618210716152e-11,-3.494222977408431e-13,3.4938091053580763e-13,4.998185383730413e-09,5.003303489394296e-06,5e-06,3.303489394295412e-09,0.0006606978788590824
10740.0,0.01998052952302929,1.2691688189477407e-05,-3.494202346946728e-13,3.493800389318069e-13,-6.988404693893457e-11,6.987600778636138e-11,-3.494202346946728e-13,3.493800389318069e-13,4.998188834752811e-09,5.003303491639445e-06,5e-06,3.3034916394443303e-09,0.000660698327888866
10770.0,0.01998048759284663,1.2733613687499552e-05,-3.494181888040997e-13,3.493791501845322e-13,-6.988363776081994e-11,6.987583003690644e-11,-3.494181888040997e-13,3.493791501845322e-13,4.9981921864282165e-09,5.003303493819961e-06,5e-06,3.3034938199603993e-09,0.0006606987639920798
10800.0,0.019980445662907482,1.2775539076874074e-05,-3.4941615957543024e-13,3.493782447876767e-13,-6.988323191508605e-11,6.987564895753534e-11,-3.4941615957543024e-13,3.493782447876767e-13,4.998195441616635e-09,5.003303495937706e-06,5e-06,3.303495937705398e-09,0.0006606991875410795
10830.0,0.019980403733209903,1.2817464355660561e-05,-3.4941414652918533e-13,3.4937732322072016e-13,-6.988282930583706e-11,6.987546464414403e-11,-3.4941414652918533e-13,3.4937732322072016e-13,4.998198603095678e-09,5.0033034979944865e-06,5e-06,3.303497994486047e-09,0.0006606995988972093
10860.0,0.019980361803752,1.2859389521974483e-05,-3.4941214919969155e-13,3.4937638594934024e-13,-6.98824298399383e-11,6.987527718986804e-11,-3.4941214919969155e-13,3.4937638594934024e-13,4.9982016735630265e-09,5.003303499992057e-06,5e-06,3.303499992056552e-09,0.0006606999984113104
10890.0,0.019980319874531947,1.290131457398558e-05,-3.4941016713467274e-13,3.493754334258083e-13,-6.988203342693455e-11,6.987508668516165e-11,-3.4941016713467274e-13,3.493754334258083e-13,4.998204655638715e-09,5.003303501932122e-06,5e-06,3.30350193212199e-09,0.000660700386424398
10920.0,0.01998027794554796,1.2943239509916304e-05,-3.4940819989487677e-13,3.493744660893759e-13,-6.988163997897536e-11,6.987489321787517e-11,-3.4940819989487677e-13,3.493744660893759e-13,4.998207551867324e-09,5.003303503816336e-06,5e-06,3.30350381633577e-09,0.000660700763267154
10950.0,0.019980236016798315,1.2985164328040301e-05,-3.494062470536995e-13,3.493734843666499e-13,-6.98812494107399e-11,6.987469687332997e-11,-3.494062470536995e-13,3.493734843666499e-13,4.99821036472017e-09,5.003303505646309e-06,5e-06,3.303505646308948e-09,0.0006607011292617895
10980.0,0.01998019408828133,1.3027089026680936e-05,-3.494043081968132e-13,3.493724886719555e-13,-6.988086163936264e-11,6.98744977343911e-11,-3.494043081968132e-13,3.493724886719555e-13,4.998213096597504e-09,5.0033035074236005e-06,5e-06,3.3035074236000645e-09,0.0006607014847200129
11010.0,0.01998015215999538,1.306901360420986e-05,-3.4940238292182306e-13,3.4937147940769106e-13,-6.988047658436461e-11,6.987429588153821e-11,-3.4940238292182306e-13,3.4937147940769106e-13,4.998215749830355e-09,5.003303509149728e-06,5e-06,3.30350914972785e-09,0.00066070182994557
11040.0,0.019980110231938877,1.3110938059045619e-05,-3.494004708379088e-13,3.4937045696467064e-13,-6.988009416758176e-11,6.987409139293412e-11,-3.494004708379088e-13,3.4937045696467064e-13,4.998218326682771e-09,5.003303510826164e-06,5e-06,3.303510826163601e-09,0.0006607021652327202
11070.0,0.019980068304110286,1.3152862389652315e-05,-3.49398571565516e-13,3.4936942172245725e-13,-6.98797143131032e-11,6.987388434449144e-11,-3.49398571565516e-13,3.4936942172245725e-13,4.998220829353557e-09,5.003303512454338e-06,5e-06,3.3035124543379554e-09,0.000660702490867591
11100.0,0.019980026376508118,1.3194786594538278e-05,-3.4939668473599755e-13,3.49368374049688e-13,-6.98793369471995e-11,6.98736748099376e-11,-3.4939668473599755e-13,3.49368374049688e-13,4.9982232599782e-09,5.003303514035642e-06,5e-06,3.303514035641742e-09,0.0006607028071283483
11130.0,0.01997998444913092,1.3236710672254806e-05,-3.4939480999133936e-13,3.4936731430438673e-13,-6.987896199826787e-11,6.987346286087735e-11,-3.4939480999133936e-13,3.4936731430438673e-13,4.998225620630788e-09,5.003303515571425e-06,5e-06,3.3035155714242835e-09,0.0006607031142848566
11160.0,0.019979942521977278,1.3278634621394918e-05,-3.493929469838167e-13,3.493662428342713e-13,-6.987858939676333e-11,6.987324856685426e-11,-3.493929469838167e-13,3.493662428342713e-13,4.99822791332563e-09,5.003303517062994e-06,5e-06,3.3035170629933995e-09,0.0006607034125986798
11190.0,0.019979900595045834,1.3320558440592162e-05,-3.4939109537572385e-13,3.493651599770498e-13,-6.987821907514477e-11,6.987303199540995e-11,-3.4939109537572385e-13,3.493651599770498e-13,4.99823014001905e-09,5.003303518511626e-06,5e-06,3.3035185116255683e-09,0.0006607037023251137
11220.0,0.019979858668335248,1.3362482128519447e-05,-3.4938925483907667e-13,3.4936406606070766e-13,-6.987785096781534e-11,6.987281321214153e-11,-3.4938925483907667e-13,3.4936406606070766e-13,4.998232302611139e-09,5.003303519918553e-06,5e-06,3.303519918552376e-09,0.0006607039837104752
11250.0,0.01997981674184424,1.3404405683887902e-05,-3.493874250553273e-13,3.493629614037891e-13,-6.987748501106546e-11,6.987259228075783e-11,-3.493874250553273e-13,3.493629614037891e-13,4.9982344029471715e-09,5.0033035212849796e-06,5e-06,3.30352128497915e-09,0.00066070425699583
11280.0,0.019979774815571553,1.3446329105445783e-05,-3.493856057151055e-13,3.493618463156676e-13,-6.98771211430211e-11,6.987236926313352e-11,-3.493856057151055e-13,3.493618463156676e-13,4.998236442819371e-09,5.003303522612069e-06,5e-06,3.3035226120688672e-09,0.0006607045224137734
11310.0,0.01997973288951597,1.3488252391977401e-05,-3.4938379651794024e-13,3.493607210968111e-13,-6.987675930358805e-11,6.987214421936222e-11,-3.4938379651794024e-13,3.493607210968111e-13,4.998238423968362e-09,5.003303523900956e-06,5e-06,3.3035239009557044e-09,0.0006607047801911409
11340.0,0.019979690963676314,1.3530175542302087e-05,-3.4938199717202066e-13,3.493595860390372e-13,-6.987639943440413e-11,6.987191720780743e-11,-3.4938199717202066e-13,3.493595860390372e-13,4.998240348084636e-09,5.003303525152738e-06,5e-06,3.3035251527374163e-09,0.0006607050305474832
11370.0,0.01997964903805143,1.3572098555273178e-05,-3.493802073939187e-13,3.493584414257632e-13,-6.987604147878374e-11,6.987168828515263e-11,-3.493802073939187e-13,3.493584414257632e-13,4.998242216810054e-09,5.003303526368486e-06,5e-06,3.3035263684854995e-09,0.0006607052736970999
11400.0,0.019979607112640203,1.3614021429777048e-05,-3.4937842690838395e-13,3.4935728753224695e-13,-6.987568538167679e-11,6.987145750644939e-11,-3.4937842690838395e-13,3.4935728753224695e-13,4.99824403173917e-09,5.003303527549235e-06,5e-06,3.3035275492341814e-09,0.0006607055098468362
11430.0,0.01997956518744155,1.3655944164732148e-05,-3.4937665544808127e-13,3.4935612462582287e-13,-6.987533108961625e-11,6.987122492516457e-11,-3.4937665544808127e-13,3.4935612462582287e-13,4.998245794420667e-09,5.003303528695991e-06,5e-06,3.303528695990584e-09,0.0006607057391981168
11460.0,0.01997952326245442,1.3697866759088083e-05,-3.493748927533708e-13,3.4935495296612897e-13,-6.987497855067416e-11,6.987099059322579e-11,-3.493748927533708e-13,3.4935495296612897e-13,4.998247506358617e-09,5.003303529809736e-06,5e-06,3.3035298097355717e-09,0.0006607059619471143
11490.0,0.019979481337677792,1.3739789211824722e-05,-3.493731385720877e-13,3.493537728053292e-13,-6.987462771441754e-11,6.987075456106584e-11,-3.493731385720877e-13,3.493537728053292e-13,4.9982491690138394e-09,5.003303530891419e-06,5e-06,3.3035308914186682e-09,0.0006607061782837336
11520.0,0.019979439413110676,1.378171152195132e-05,-3.4937139265933237e-13,3.493525843883279e-13,-6.987427853186647e-11,6.987051687766558e-11,-3.4937139265933237e-13,3.493525843883279e-13,4.9982507838050394e-09,5.003303531941962e-06,5e-06,3.3035319419614454e-09,0.0006607063883922891
11550.0,0.019979397488752104,1.3823633688505677e-05,-3.4936965477724284e-13,3.4935138795297975e-13,-6.987393095544857e-11,6.987027759059594e-11,-3.4936965477724284e-13,3.4935138795297975e-13,4.998252352110123e-09,5.003303532962262e-06,5e-06,3.3035329622617583e-09,0.0006607065924523517
11580.0,0.019979355564601144,1.3865555710553312e-05,-3.493679246948186e-13,3.493501837302915e-13,-6.987358493896372e-11,6.98700367460583e-11,-3.493679246948186e-13,3.493501837302915e-13,4.998253875267318e-09,5.003303533953192e-06,5e-06,3.3035339531912037e-09,0.0006607067906382407
11610.0,0.019979313640656884,1.3907477587186669e-05,-3.493662021877005e-13,3.4934897194462033e-13,-6.98732404375401e-11,6.986979438892406e-11,-3.493662021877005e-13,3.4934897194462033e-13,4.998255354576347e-09,5.003303534915595e-06,5e-06,3.3035349155942736e-09,0.0006607069831188547
11640.0,0.019979271716918434,1.3949399317524333e-05,-3.493644870379886e-13,3.4934775281386406e-13,-6.987289740759772e-11,6.986955056277281e-11,-3.493644870379886e-13,3.4934775281386406e-13,4.99825679129948e-09,5.00330353585029e-06,5e-06,3.3035358502892016e-09,0.0006607071700578403
11670.0,0.019979229793384953,1.399132090071029e-05,-3.493627790340576e-13,3.493465265496485e-13,-6.987255580681152e-11,6.986930530992969e-11,-3.493627790340576e-13,3.493465265496485e-13,4.998258186662649e-09,5.0033035367580785e-06,5e-06,3.303536758078128e-09,0.0006607073516156256
11700.0,0.019979187870055596,1.4033242335913188e-05,-3.493610779703791e-13,3.4934529335750646e-13,-6.987221559407581e-11,6.986905867150129e-11,-3.493610779703791e-13,3.4934529335750646e-13,4.9982595418565544e-09,5.003303537639734e-06,5e-06,3.303537639733547e-09,0.0006607075279467094
11730.0,0.01997914594692956,1.4075163622325634e-05,-3.493593836473307e-13,3.4934405343705446e-13,-6.987187672946614e-11,6.98688106874109e-11,-3.493593836473307e-13,3.4934405343705446e-13,4.9982608580375435e-09,5.003303538496009e-06,5e-06,3.303538496008471e-09,0.0006607076992016941
11760.0,0.019979104024006055,1.4117084759163493e-05,-3.493576958710469e-13,3.493428069821624e-13,-6.987153917420938e-11,6.986856139643248e-11,-3.493576958710469e-13,3.493428069821624e-13,4.998262136328719e-09,5.0033035393276335e-06,5e-06,3.3035393276330418e-09,0.0006607078655266084
11790.0,0.019979062101284323,1.4159005745665228e-05,-3.493560144532343e-13,3.4934155418111925e-13,-6.987120289064686e-11,6.986831083622385e-11,-3.493560144532343e-13,3.4934155418111925e-13,4.99826337782083e-09,5.003303540135318e-06,5e-06,3.3035401353179205e-09,0.0006607080270635841
11820.0,0.01997902017876362,1.4200926581091242e-05,-3.493543392110299e-13,3.4934029521679325e-13,-6.987086784220598e-11,6.986805904335865e-11,-3.493543392110299e-13,3.4934029521679325e-13,4.998264583573245e-09,5.0033035409197505e-06,5e-06,3.3035409197500507e-09,0.0006607081839500101
11850.0,0.019978978256443226,1.4242847264723257e-05,-3.4935266996682463e-13,3.493390302667882e-13,-6.987053399336492e-11,6.986780605335763e-11,-3.4935266996682463e-13,3.493390302667882e-13,4.998265754614849e-09,5.003303541681602e-06,5e-06,3.3035416816019767e-09,0.0006607083363203953
11880.0,0.019978936334322437,1.428476779586369e-05,-3.493510065481299e-13,3.4933775950359546e-13,-6.987020130962598e-11,6.986755190071909e-11,-3.493510065481299e-13,3.4933775950359546e-13,4.998266891944852e-09,5.00330354242152e-06,5e-06,3.3035424215199845e-09,0.0006607084843039968
11910.0,0.019978894412400583,1.4326688173835057e-05,-3.4934934878741517e-13,3.4933648309474094e-13,-6.986986975748303e-11,6.986729661894818e-11,-3.4934934878741517e-13,3.4933648309474094e-13,4.998267996533737e-09,5.003303543140138e-06,5e-06,3.3035431401376547e-09,0.0006607086280275309
11940.0,0.019978852490676997,1.4368608397979408e-05,-3.4934769652198816e-13,3.493352012029273e-13,-6.986953930439763e-11,6.986704024058547e-11,-3.4934769652198816e-13,3.493352012029273e-13,4.998269069324078e-09,5.003303543838069e-06,5e-06,3.3035438380682393e-09,0.0006607087676136479
11970.0,0.019978810569151042,1.441052846765775e-05,-3.4934604959381894e-13,3.4933391398617353e-13,-6.986920991876379e-11,6.98667827972347e-11,-3.4934604959381894e-13,3.4933391398617353e-13,4.998270111231253e-09,5.003303544515907e-06,5e-06,3.3035445159063553e-09,0.0006607089031812711
12000.0,0.0199787686478221,1.4452448382249505e-05,-3.4934440784944214e-13,3.4933262159794997e-13,-6.986888156988843e-11,6.986652431958999e-11,-3.4934440784944214e-13,3.4933262159794997e-13,4.998271123144318e-09,5.003303545174232e-06,5e-06,3.3035451742313734e-09,0.0006607090348462746
12030.0,0.019978726726689565,1.4494368141151983e-05,-3.493427711398067e-13,3.4933132418730847e-13,-6.986855422796134e-11,6.98662648374617e-11,-3.493427711398067e-13,3.4933132418730847e-13,4.998272105926741e-09,5.003303545813606e-06,5e-06,3.3035458136057233e-09,0.0006607091627211446
12060.0,0.01997868480575285,1.4536287743779863e-05,-3.4934113932015036e-13,3.493300218990101e-13,-6.986822786403007e-11,6.986600437980201e-11,-3.4934113932015036e-13,3.493300218990101e-13,4.998273060417129e-09,5.0033035464345745e-06,5e-06,3.3035464345740472e-09,0.0006607092869148094
12090.0,0.01997864288501138,1.45782071895647e-05,-3.4933951224987816e-13,3.4932871487364904e-13,-6.986790244997563e-11,6.98657429747298e-11,-3.4933951224987816e-13,3.4932871487364904e-13,4.9982739874299376e-09,5.003303547037667e-06,5e-06,3.303547037666588e-09,0.0006607094075333175
12120.0,0.019978600964464608,1.4620126477954433e-05,-3.4933788979244473e-13,3.4932740324777135e-13,-6.986757795848895e-11,6.986548064955427e-11,-3.4933788979244473e-13,3.4932740324777135e-13,4.998274887756186e-09,5.003303547623396e-06,5e-06,3.3035476233958e-09,0.00066070952467916
12150.0,0.01997855904411199,1.4662045608412911e-05,-3.4933627181523193e-13,3.4932608715399273e-13,-6.986725436304638e-11,6.986521743079854e-11,-3.4933627181523193e-13,3.4932608715399273e-13,4.998275762164113e-09,5.003303548192264e-06,5e-06,3.3035481922639746e-09,0.0006607096384527949
12180.0,0.019978517123953005,1.4703964580419444e-05,-3.493346581894463e-13,3.493247667211111e-13,-6.986693163788927e-11,6.986495334422222e-11,-3.493346581894463e-13,3.493247667211111e-13,4.998276611399866e-09,5.003303548744755e-06,5e-06,3.303548744754767e-09,0.0006607097489509533
12210.0,0.019978475203987156,1.474588339346835e-05,-3.4933304878999327e-13,3.4932344207421684e-13,-6.986660975799865e-11,6.986468841484337e-11,-3.4933304878999327e-13,3.4932344207421684e-13,4.998277436188077e-09,5.003303549281345e-06,5e-06,3.3035492813442098e-09,0.000660709856268842
12240.0,0.019978433284213937,1.4787802047068526e-05,-3.4933144349539156e-13,3.4932211333479854e-13,-6.986628869907831e-11,6.986442266695971e-11,-3.4933144349539156e-13,3.4932211333479854e-13,4.998278237232522e-09,5.003303549802484e-06,5e-06,3.3035498024837717e-09,0.0006607099604967543
12270.0,0.019978391364632874,1.4829720540743028e-05,-3.493298421876361e-13,3.49320780620848e-13,-6.986596843752722e-11,6.98641561241696e-11,-3.493298421876361e-13,3.49320780620848e-13,4.998279015216763e-09,5.003303550308622e-06,5e-06,3.303550308621533e-09,0.0006607100617243066
12300.0,0.019978349445243505,1.487163887402866e-05,-3.493282447521427e-13,3.4931944404696037e-13,-6.986564895042854e-11,6.986388880939207e-11,-3.493282447521427e-13,3.4931944404696037e-13,4.9982797708046315e-09,5.003303550800187e-06,5e-06,3.3035508001869396e-09,0.0006607101600373879
12330.0,0.019978307526045378,1.4913557046475593e-05,-3.493266510776116e-13,3.493181037244312e-13,-6.986533021552231e-11,6.986362074488624e-11,-3.493266510776116e-13,3.493181037244312e-13,4.998280504640854e-09,5.003303551277604e-06,5e-06,3.3035512776035078e-09,0.0006607102555207015
12360.0,0.01997826560703805,1.4955475057646956e-05,-3.4932506105595173e-13,3.4931675976135324e-13,-6.986501221119034e-11,6.986335195227065e-11,-3.4932506105595173e-13,3.4931675976135324e-13,4.99828121735163e-09,5.0033035517412765e-06,5e-06,3.3035517412761194e-09,0.0006607103482552238
12390.0,0.019978223688221098,1.499739290711848e-05,-3.493234745821821e-13,3.4931541226270624e-13,-6.986469491643643e-11,6.986308245254125e-11,-3.493234745821821e-13,3.4931541226270624e-13,4.998281909545109e-09,5.003303552191599e-06,5e-06,3.3035521915986447e-09,0.0006607104383197289
12420.0,0.019978181769594112,1.5039310594478133e-05,-3.493218915543414e-13,3.493140613304485e-13,-6.986437831086828e-11,6.98628122660897e-11,-3.493218915543414e-13,3.493140613304485e-13,4.998282581811928e-09,5.0033035526289594e-06,5e-06,3.303552628959025e-09,0.000660710525791805
12450.0,0.01997813985115669,1.5081228119325765e-05,-3.4932031187341356e-13,3.4931270706360337e-13,-6.986406237468271e-11,6.986254141272067e-11,-3.4932031187341356e-13,3.4931270706360337e-13,4.998283234725754e-09,5.00330355305373e-06,5e-06,3.3035530537299542e-09,0.0006607106107459908
12480.0,0.019978097932908435,1.5123145481272766e-05,-3.493187354432212e-13,3.4931134955834313e-13,-6.986374708864424e-11,6.986226991166862e-11,-3.493187354432212e-13,3.4931134955834313e-13,4.998283868843682e-09,5.003303553466271e-06,5e-06,3.303553466270575e-09,0.0006607106932541149
12510.0,0.019978056014848974,1.5165062679941735e-05,-3.4931716217036085e-13,3.4930998890807137e-13,-6.986343243407217e-11,6.986199778161427e-11,-3.4931716217036085e-13,3.4930998890807137e-13,4.998284484706819e-09,5.003303553866935e-06,5e-06,3.3035538669349467e-09,0.0006607107733869893
12540.0,0.019978014096977942,1.5206979714966156e-05,-3.4931559196411746e-13,3.493086252035033e-13,-6.986311839282349e-11,6.986172504070066e-11,-3.4931559196411746e-13,3.493086252035033e-13,4.9982850828406744e-09,5.003303554256068e-06,5e-06,3.303554256067812e-09,0.0006607108512135623
12570.0,0.01997797217929497,1.5248896585990085e-05,-3.4931402473638834e-13,3.493072585327424e-13,-6.986280494727767e-11,6.986145170654848e-11,-3.4931402473638834e-13,3.493072585327424e-13,4.998285663755646e-09,5.0033035546339965e-06,5e-06,3.3035546339961252e-09,0.000660710926799225
12600.0,0.019977930261799726,1.529081329266785e-05,-3.4931246040160567e-13,3.4930588898135557e-13,-6.986249208032113e-11,6.986117779627111e-11,-3.4931246040160567e-13,3.4930588898135557e-13,4.998286227947418e-09,5.003303555001046e-06,5e-06,3.3035550010459945e-09,0.0006607110002091989
12630.0,0.019977888344491858,1.533272983466374e-05,-3.49310898876666e-13,3.4930451663244703e-13,-6.986217977533319e-11,6.98609033264894e-11,-3.49310898876666e-13,3.4930451663244703e-13,4.998286775897393e-09,5.003303555357528e-06,5e-06,3.3035553575274336e-09,0.0006607110715054867
12660.0,0.019977846427371045,1.537464621165175e-05,-3.4930934008085695e-13,3.4930314156672815e-13,-6.986186801617139e-11,6.986062831334562e-11,-3.4930934008085695e-13,3.4930314156672815e-13,4.998287308073161e-09,5.0033035557037475e-06,5e-06,3.3035557037470686e-09,0.0006607111407494137
12690.0,0.019977804510436972,1.541656242331526e-05,-3.4930778393579263e-13,3.4930176386258704e-13,-6.986155678715852e-11,6.98603527725174e-11,-3.4930778393579263e-13,3.4930176386258704e-13,4.998287824928809e-09,5.003303556040001e-06,5e-06,3.303556040000514e-09,0.0006607112080001027
12720.0,0.01997776259368933,1.54584784693468e-05,-3.493062303653388e-13,3.4930038359615483e-13,-6.986124607306776e-11,6.986007671923097e-11,-3.493062303653388e-13,3.4930038359615483e-13,4.998288326905382e-09,5.0033035563665745e-06,5e-06,3.3035563665740668e-09,0.0006607112733148133
12750.0,0.019977720677127813,1.5500394349447764e-05,-3.493046792955571e-13,3.4929900084137164e-13,-6.986093585911142e-11,6.985980016827433e-11,-3.493046792955571e-13,3.4929900084137164e-13,4.998288814431211e-09,5.003303556683746e-06,5e-06,3.303556683745554e-09,0.0006607113367491107
12780.0,0.019977678760752134,1.5542310063328167e-05,-3.493031306546368e-13,3.492976156700485e-13,-6.986062613092735e-11,6.98595231340097e-11,-3.493031306546368e-13,3.492976156700485e-13,4.9982892879222894e-09,5.003303556991788e-06,5e-06,3.30355699178772e-09,0.0006607113983575439
12810.0,0.01997763684456201,1.5584225610706395e-05,-3.4930158437283324e-13,3.4929622815192924e-13,-6.986031687456664e-11,6.985924563038584e-11,-3.4930158437283324e-13,3.4929622815192924e-13,4.998289747782648e-09,5.003303557290962e-06,5e-06,3.303557290961451e-09,0.0006607114581922901
12840.0,0.019977594928557166,1.5626140991308966e-05,-3.493000403824101e-13,3.4929483835475034e-13,-6.986000807648202e-11,6.985896767095006e-11,-3.493000403824101e-13,3.4929483835475034e-13,4.9982901944047015e-09,5.003303557581524e-06,5e-06,3.303557581523398e-09,0.0006607115163046796
12870.0,0.019977553012737327,1.566805620487028e-05,-3.4929849861758104e-13,3.4929344634429744e-13,-6.985969972351621e-11,6.985868926885949e-11,-3.4929849861758104e-13,3.4929344634429744e-13,4.9982906281695285e-09,5.003303557863719e-06,5e-06,3.3035578637183536e-09,0.0006607115727436707
12900.0,0.01997751109710225,1.5709971251132415e-05,-3.4929695901445245e-13,3.4929205218446353e-13,-6.985939180289049e-11,6.98584104368927e-11,-3.4929695901445245e-13,3.4929205218446353e-13,4.998291049447269e-09,5.003303558137793e-06,5e-06,3.3035581377928043e-09,0.0006607116275585608
12930.0,0.019977469181651667,1.575188612984489e-05,-3.4929542151097527e-13,3.492906559373013e-13,-6.985908430219505e-11,6.985813118746025e-11,-3.4929542151097527e-13,3.492906559373013e-13,4.9982914585973875e-09,5.003303558403975e-06,5e-06,3.303558403974602e-09,0.0006607116807949204
12960.0,0.01997742726638534,1.5793800840764464e-05,-3.492938860468776e-13,3.492892576630774e-13,-6.985877720937552e-11,6.985785153261548e-11,-3.492938860468776e-13,3.492892576630774e-13,4.998291855969023e-09,5.003303558662495e-06,5e-06,3.3035586624949868e-09,0.0006607117324989974
12990.0,0.019977385351303032,1.5835715383654902e-05,-3.492923525636303e-13,3.4928785742032364e-13,-6.985847051272605e-11,6.985757148406473e-11,-3.492923525636303e-13,3.4928785742032364e-13,4.998292241901247e-09,5.003303558913573e-06,5e-06,3.303558913572493e-09,0.0006607117827144986
13020.0,0.01997734343640451,1.587762975828681e-05,-3.4929082100438795e-13,3.4928645526588705e-13,-6.985816420087759e-11,6.985729105317741e-11,-3.4929082100438795e-13,3.4928645526588705e-13,4.998292616723372e-09,5.003303559157423e-06,5e-06,3.303559157422267e-09,0.0006607118314844534
13050.0,0.019977301521689556,1.5919543964437402e-05,-3.492892913139385e-13,3.4928505125497737e-13,-6.98578582627877e-11,6.985701025099547e-11,-3.492892913139385e-13,3.4928505125497737e-13,4.9982929807552355e-09,5.003303559394253e-06,5e-06,3.303559394252679e-09,0.0006607118788505358
13080.0,0.019977259607157946,1.596145800189035e-05,-3.492877634386596e-13,3.492836454412158e-13,-6.985755268773192e-11,6.985672908824316e-11,-3.492877634386596e-13,3.492836454412158e-13,4.998293334307448e-09,5.003303559624267e-06,5e-06,3.30355962426617e-09,0.000660711924853234
13110.0,0.019977217692809468,1.600337187043555e-05,-3.492862373264763e-13,3.4928223787667973e-13,-6.985724746529526e-11,6.985644757533594e-11,-3.492862373264763e-13,3.4928223787667973e-13,4.998293677681724e-09,5.003303559847658e-06,5e-06,3.3035598476575573e-09,0.0006607119695315114
13140.0,0.01997717577864392,1.604528556986898e-05,-3.492847129268091e-13,3.492808286119468e-13,-6.985694258536182e-11,6.985616572238936e-11,-3.492847129268091e-13,3.492808286119468e-13,4.9982940111710425e-09,5.003303560064619e-06,5e-06,3.3035600646182705e-09,0.000660712012923654
13170.0,0.019977133864661097,1.6087199099992515e-05,-3.4928319019053815e-13,3.492794176961393e-13,-6.985663803810763e-11,6.985588353922786e-11,-3.4928319019053815e-13,3.492794176961393e-13,4.998294335059972e-09,5.0033035602753325e-06,5e-06,3.3035602753321157e-09,0.0006607120550664231
13200.0,0.019977091950860806,1.612911246061375e-05,-3.49281669069953e-13,3.492780051769653e-13,-6.98563338139906e-11,6.985560103539306e-11,-3.49281669069953e-13,3.492780051769653e-13,4.998294649624884e-09,5.00330356047998e-06,5e-06,3.303560479979511e-09,0.0006607120959959021
13230.0,0.01997705003724286,1.6171025651545837e-05,-3.4928014951871804e-13,3.4927659110075916e-13,-6.98560299037436e-11,6.985531822015184e-11,-3.4928014951871804e-13,3.4927659110075916e-13,4.998294955134191e-09,5.003303560678736e-06,5e-06,3.303560678735792e-09,0.0006607121357471583
13260.0,0.019977008123807084,1.621293867260734e-05,-3.492786314918358e-13,3.4927517551252164e-13,-6.985572629836716e-11,6.985503510250433e-11,-3.492786314918358e-13,3.4927517551252164e-13,4.998295251848601e-09,5.003303560871771e-06,5e-06,3.3035608717703655e-09,0.0006607121743540731
13290.0,0.019976966210553292,1.625485152362206e-05,-3.4927711494560214e-13,3.492737584559578e-13,-6.985542298912042e-11,6.985475169119156e-11,-3.4927711494560214e-13,3.492737584559578e-13,4.998295540021272e-09,5.00330356105925e-06,5e-06,3.30356105924925e-09,0.00066071221184985
13320.0,0.019976924297481317,1.629676420441888e-05,-3.492755998375655e-13,3.492723399735147e-13,-6.985511996751311e-11,6.985446799470295e-11,-3.492755998375655e-13,3.492723399735147e-13,4.99829581989814e-09,5.003303561241333e-06,5e-06,3.3035612413325345e-09,0.0006607122482665069
13350.0,0.019976882384590982,1.6338676714831647e-05,-3.49274086126502e-13,3.492709201064177e-13,-6.98548172253004e-11,6.985418402128353e-11,-3.49274086126502e-13,3.492709201064177e-13,4.998296091717986e-09,5.003303561418171e-06,5e-06,3.303561418170991e-09,0.0006607122836341982
13380.0,0.019976840471882126,1.6380589054699013e-05,-3.492725737723733e-13,3.4926949889470464e-13,-6.985451475447466e-11,6.985389977894093e-11,-3.492725737723733e-13,3.4926949889470464e-13,4.998296355712771e-09,5.003303561589919e-06,5e-06,3.3035615899187795e-09,0.0006607123179837559
13410.0,0.019976798559354598,1.6422501223864286e-05,-3.49271062736296e-13,3.492680763772615e-13,-6.98542125472592e-11,6.98536152754523e-11,-3.49271062736296e-13,3.492680763772615e-13,4.998296612107733e-09,5.003303561756724e-06,5e-06,3.3035617567232838e-09,0.0006607123513446568
13440.0,0.01997675664700824,1.6464413222175306e-05,-3.4926955298050156e-13,3.4926665259185455e-13,-6.985391059610031e-11,6.985333051837091e-11,-3.4926955298050156e-13,3.4926665259185455e-13,4.998296861121698e-09,5.0033035619187255e-06,5e-06,3.303561918725111e-09,0.0006607123837450222
13470.0,0.019976714734842905,1.6506325049484325e-05,-3.492680444683126e-13,3.492652275751628e-13,-6.985360889366253e-11,6.985304551503256e-11,-3.492680444683126e-13,3.492652275751628e-13,4.998297102967115e-09,5.0033035620760644e-06,5e-06,3.3035620760640222e-09,0.0006607124152128044
13500.0,0.019976672822858445,1.654823670564786e-05,-3.492665371641027e-13,3.4926380136280913e-13,-6.985330743282054e-11,6.985276027256183e-11,-3.492665371641027e-13,3.4926380136280913e-13,4.998297337850365e-09,5.003303562228873e-06,5e-06,3.303562228873001e-09,0.0006607124457746002
13530.0,0.019976630911054723,1.6590148190526587e-05,-3.492650310332771e-13,3.4926237398939176e-13,-6.985300620665542e-11,6.985247479787835e-11,-3.492650310332771e-13,3.4926237398939176e-13,4.998297565971875e-09,5.003303562377285e-06,5e-06,3.303562377284185e-09,0.0006607124754568369
13560.0,0.0199765889994316,1.6632059503985207e-05,-3.4926352604223337e-13,3.492609454885118e-13,-6.985270520844667e-11,6.985218909770236e-11,-3.4926352604223337e-13,3.492609454885118e-13,4.9982977875262794e-09,5.003303562521423e-06,5e-06,3.3035625214229345e-09,0.0006607125042845869
13590.0,0.01997654708798894,1.6673970645892344e-05,-3.4926202215833766e-13,3.4925951589280396e-13,-6.985240443166753e-11,6.985190317856079e-11,-3.4926202215833766e-13,3.4925951589280396e-13,4.998298002702653e-09,5.003303562661411e-06,5e-06,3.3035626614103756e-09,0.0006607125322820751
13620.0,0.019976505176726618,1.671588161612042e-05,-3.492605193498929e-13,3.492580852339629e-13,-6.985210386997858e-11,6.985161704679258e-11,-3.492605193498929e-13,3.492580852339629e-13,4.99829821168459e-09,5.00330356279737e-06,5e-06,3.303562797369328e-09,0.0006607125594738656
13650.0,0.019976463265644503,1.6757792414545553e-05,-3.492590175861167e-13,3.4925665354277095e-13,-6.985180351722334e-11,6.985133070855419e-11,-3.492590175861167e-13,3.4925665354277095e-13,4.998298414650424e-09,5.003303562929413e-06,5e-06,3.303562929412447e-09,0.0006607125858824894
13680.0,0.019976421354742483,1.6799703041047446e-05,-3.4925751683711494e-13,3.4925522084912477e-13,-6.985150336742298e-11,6.985104416982495e-11,-3.4925751683711494e-13,3.4925522084912477e-13,4.99829861177333e-09,5.003303563057655e-06,5e-06,3.3035630576549294e-09,0.0006607126115309858
13710.0,0.019976379444020437,1.684161349550929e-05,-3.4925601707385303e-13,3.492537871820597e-13,-6.98512034147706e-11,6.985075743641194e-11,-3.4925601707385303e-13,3.492537871820597e-13,4.9982988032215356e-09,5.003303563182208e-06,5e-06,3.303563182207736e-09,0.0006607126364415472
13740.0,0.019976337533478244,1.6883523777817665e-05,-3.492545182681302e-13,3.4925235256977556e-13,-6.985090365362604e-11,6.985047051395511e-11,-3.492545182681302e-13,3.4925235256977556e-13,4.998298989158377e-09,5.003303563303175e-06,5e-06,3.3035633031742054e-09,0.000660712660634841
13770.0,0.0199762956231158,1.692543388786242e-05,-3.492530203925555e-13,3.4925091703966037e-13,-6.98506040785111e-11,6.985018340793207e-11,-3.492530203925555e-13,3.4925091703966037e-13,4.998299169742543e-09,5.003303563420658e-06,5e-06,3.3035634206576752e-09,0.000660712684131535
13800.0,0.01997625371293299,1.696734382553662e-05,-3.4925152342053424e-13,3.492494806183139e-13,-6.985030468410684e-11,6.984989612366278e-11,-3.4925152342053424e-13,3.492494806183139e-13,4.9982993451280805e-09,5.00330356353476e-06,5e-06,3.3035635347597895e-09,0.0006607127069519578
13830.0,0.01997621180292971,1.7009253590736408e-05,-3.49250027326225e-13,3.492480433315695e-13,-6.9850005465245e-11,6.984960866631389e-11,-3.49250027326225e-13,3.492480433315695e-13,4.99829951546469e-09,5.003303563645577e-06,5e-06,3.303563645576263e-09,0.0006607127291152526
13860.0,0.019976169893105862,1.705116318336095e-05,-3.492485320845451e-13,3.4924660520451763e-13,-6.984970641690901e-11,6.984932104090352e-11,-3.492485320845451e-13,3.4924660520451763e-13,4.9982996808977005e-09,5.003303563753203e-06,5e-06,3.3035637532028103e-09,0.000660712750640562
13890.0,0.019976127983461343,1.7093072603312336e-05,-3.4924703767112194e-13,3.4924516626152587e-13,-6.984940753422438e-11,6.984903325230517e-11,-3.4924703767112194e-13,3.4924516626152587e-13,4.9982998415682676e-09,5.003303563857732e-06,5e-06,3.3035638577317582e-09,0.0006607127715463516
13920.0,0.019976086073996056,1.7134981850495485e-05,-3.492455440622919e-13,3.4924372652626043e-13,-6.984910881245837e-11,6.984874530525209e-11,-3.492455440622919e-13,3.4924372652626043e-13,4.998299997613506e-09,5.003303563959252e-06,5e-06,3.303563959251198e-09,0.0006607127918502396
13950.0,0.01997604416470991,1.717689092481809e-05,-3.4924405123506966e-13,3.4924228602170677e-13,-6.984881024701394e-11,6.984845720434135e-11,-3.4924405123506966e-13,3.4924228602170677e-13,4.998300149166572e-09,5.003303564057849e-06,5e-06,3.303564057848374e-09,0.0006607128115696748
13980.0,0.01997600225560281,1.7218799826190515e-05,-3.4924255916713144e-13,3.4924084477018776e-13,-6.984851183342629e-11,6.984816895403755e-11,-3.4924255916713144e-13,3.4924084477018776e-13,4.99830029635677e-09,5.003303564153607e-06,5e-06,3.303564153606296e-09,0.0006607128307212592
14010.0,0.019975960346674673,1.726070855452572e-05,-3.4924106783679487e-13,3.492394027933842e-13,-6.984821356735897e-11,6.984788055867684e-11,-3.4924106783679487e-13,3.492394027933842e-13,4.998300439309689e-09,5.003303564246609e-06,5e-06,3.3035642466088195e-09,0.0006607128493217639
14040.0,0.019975918437925403,1.7302617109739203e-05,-3.4923957722300725e-13,3.49237960112353e-13,-6.984791544460145e-11,6.98475920224706e-11,-3.4923957722300725e-13,3.49237960112353e-13,4.998300578147333e-09,5.0033035643369334e-06,5e-06,3.303564336933025e-09,0.000660712867386605
14070.0,0.019975876529354928,1.7344525491748906e-05,-3.4923808730531255e-13,3.4923651674754426e-13,-6.984761746106251e-11,6.984730334950885e-11,-3.4923808730531255e-13,3.4923651674754426e-13,4.998300712988155e-09,5.003303564424658e-06,5e-06,3.303564424657686e-09,0.0006607128849315372
14100.0,0.01997583462096316,1.7386433700475163e-05,-3.492365980638513e-13,3.492350727188194e-13,-6.984731961277026e-11,6.984701454376388e-11,-3.492365980638513e-13,3.492350727188194e-13,4.998300843947227e-09,5.003303564509856e-06,5e-06,3.303564509855648e-09,0.0006607129019711296
14130.0,0.01997579271275002,1.742834173584062e-05,-3.492351094793378e-13,3.492336280454687e-13,-6.984702189586756e-11,6.984672560909373e-11,-3.492351094793378e-13,3.492336280454687e-13,4.998300971136299e-09,5.003303564592602e-06,5e-06,3.3035645926014496e-09,0.0006607129185202899
14160.0,0.019975750804715434,1.7470249597770167e-05,-3.4923362153303133e-13,3.492321827462266e-13,-6.984672430660626e-11,6.984643654924532e-11,-3.4923362153303133e-13,3.492321827462266e-13,4.998301094663878e-09,5.003303564672965e-06,5e-06,3.3035646729645475e-09,0.0006607129345929095
14190.0,0.01997570889685933,1.7512157286190878e-05,-3.492321342067411e-13,3.492307368392882e-13,-6.984642684134821e-11,6.984614736785764e-11,-3.492321342067411e-13,3.492307368392882e-13,4.99830121463538e-09,5.0033035647510165e-06,5e-06,3.3035647510160925e-09,0.0006607129502032184
14220.0,0.019975666989181635,1.755406480103196e-05,-3.4923064748279457e-13,3.492292903423254e-13,-6.984612949655892e-11,6.984585806846508e-11,-3.4923064748279457e-13,3.492292903423254e-13,4.998301331153175e-09,5.00330356482682e-06,5e-06,3.303564826819612e-09,0.0006607129653639224
14250.0,0.01997562508168228,1.759597214222466e-05,-3.4922916134402503e-13,3.492278432725004e-13,-6.9845832268805e-11,6.984556865450008e-11,-3.4922916134402503e-13,3.492278432725004e-13,4.998301444316708e-09,5.003303564900443e-06,5e-06,3.303564900442869e-09,0.0006607129800885737
14280.0,0.01997558317436119,1.763787930970224e-05,-3.4922767577376944e-13,3.49226395646482e-13,-6.984553515475388e-11,6.98452791292964e-11,-3.4922767577376944e-13,3.49226395646482e-13,4.998301554222514e-09,5.0033035649719456e-06,5e-06,3.303564971945155e-09,0.000660712994389031
14310.0,0.0199755412672183,1.7679786303399895e-05,-3.492261907558374e-13,3.492249474804594e-13,-6.984523815116748e-11,6.984498949609187e-11,-3.492261907558374e-13,3.492249474804594e-13,4.998301660964388e-09,5.003303565041389e-06,5e-06,3.303565041388304e-09,0.0006607130082776608
14340.0,0.019975499360253543,1.7721693123254713e-05,-3.4922470627450486e-13,3.4922349879015465e-13,-6.984494125490097e-11,6.984469975803093e-11,-3.4922470627450486e-13,3.4922349879015465e-13,4.998301764633413e-09,5.003303565108833e-06,5e-06,3.3035651088324556e-09,0.0006607130217664911
14370.0,0.019975457453466867,1.7763599769205613e-05,-3.4922322231449735e-13,3.4922204959083875e-13,-6.984464446289947e-11,6.984440991816775e-11,-3.4922322231449735e-13,3.4922204959083875e-13,4.998301865318043e-09,5.0033035651743365e-06,5e-06,3.3035651743360545e-09,0.0006607130348672108
14400.0,0.0199754155468582,1.78055062411933e-05,-3.492217388609915e-13,3.492205998973415e-13,-6.98443477721983e-11,6.984411997946829e-11,-3.492217388609915e-13,3.492205998973415e-13,4.998301963104199e-09,5.003303565237953e-06,5e-06,3.303565237952464e-09,0.0006607130475904928
14430.0,0.019975373640427493,1.784741253916019e-05,-3.492202558995823e-13,3.4921914972406677e-13,-6.984405117991646e-11,6.984382994481336e-11,-3.492202558995823e-13,3.4921914972406677e-13,4.998302058075311e-09,5.003303565299739e-06,5e-06,3.3035652997384353e-09,0.0006607130599476871
14460.0,0.019975331734174682,1.7889318663050392e-05,-3.492187734162802e-13,3.4921769908500363e-13,-6.984375468325604e-11,6.984353981700073e-11,-3.492187734162802e-13,3.4921769908500363e-13,4.998302150312418e-09,5.003303565359746e-06,5e-06,3.3035653597456374e-09,0.0006607130719491275
14490.0,0.019975289828099718,1.793122461280964e-05,-3.492172913974944e-13,3.4921624799373826e-13,-6.984345827949888e-11,6.984324959874765e-11,-3.492172913974944e-13,3.4921624799373826e-13,4.99830223989424e-09,5.003303565418026e-06,5e-06,3.3035654180257394e-09,0.0006607130836051478
14520.0,0.019975247922202538,1.7973130388385258e-05,-3.492158098300356e-13,3.4921479646346596e-13,-6.984316196600712e-11,6.984295929269319e-11,-3.492158098300356e-13,3.4921479646346596e-13,4.998302326897211e-09,5.0033035654746274e-06,5e-06,3.303565474627022e-09,0.0006607130949254044
14550.0,0.019975206016483095,1.8015035989726095e-05,-3.492143287010875e-13,3.4921334450700137e-13,-6.984286574021749e-11,6.984266890140028e-11,-3.492143287010875e-13,3.4921334450700137e-13,4.998302411395558e-09,5.003303565529601e-06,5e-06,3.3035655296003073e-09,0.0006607131059200614
14580.0,0.019975164110941333,1.805694141678251e-05,-3.492128479982013e-13,3.4921189213679173e-13,-6.984256959964027e-11,6.984237842735834e-11,-3.492128479982013e-13,3.4921189213679173e-13,4.9983024934614e-09,5.00330356558299e-06,5e-06,3.303565582989641e-09,0.0006607131165979282
14610.0,0.019975122205577206,1.8098846669506296e-05,-3.4921136770928846e-13,3.4921043936492457e-13,-6.984227354185769e-11,6.984208787298491e-11,-3.4921136770928846e-13,3.4921043936492457e-13,4.998302573164758e-09,5.003303565634843e-06,5e-06,3.303565634842457e-09,0.0006607131269684913
14640.0,0.01997508030039067,1.8140751747850675e-05,-3.4920988782261126e-13,3.4920898620313984e-13,-6.984197756452225e-11,6.984179724062796e-11,-3.4920988782261126e-13,3.4920898620313984e-13,4.998302650573629e-09,5.003303565685204e-06,5e-06,3.303565685203648e-09,0.0006607131370407295
14670.0,0.019975038395381672,1.8182656651770217e-05,-3.4920840832676913e-13,3.4920753266284016e-13,-6.984168166535382e-11,6.984150653256803e-11,-3.4920840832676913e-13,3.4920753266284016e-13,4.998302725754079e-09,5.003303565734114e-06,5e-06,3.3035657341138713e-09,0.0006607131468227743
14700.0,0.019974996490550165,1.822456138122083e-05,-3.4920692921068377e-13,3.4920607875509876e-13,-6.984138584213675e-11,6.984121575101975e-11,-3.4920692921068377e-13,3.4920607875509876e-13,4.998302798770256e-09,5.003303565781618e-06,5e-06,3.303565781617173e-09,0.0006607131563234346
14730.0,0.01997495458589611,1.8266465936159712e-05,-3.492054504636015e-13,3.4920462449067117e-13,-6.98410900927203e-11,6.984092489813423e-11,-3.492054504636015e-13,3.4920462449067117e-13,4.998302869684477e-09,5.003303565827752e-06,5e-06,3.3035658277516696e-09,0.0006607131655503339
14760.0,0.01997491268141946,1.8308370316545313e-05,-3.4920397207507864e-13,3.4920316988000256e-13,-6.984079441501573e-11,6.984063397600051e-11,-3.4920397207507864e-13,3.4920316988000256e-13,4.998302938557237e-09,5.0033035658725584e-06,5e-06,3.3035658725580184e-09,0.0006607131745116037
14790.0,0.019974870777120176,1.8350274522337302e-05,-3.4920249403496967e-13,3.4920171493323775e-13,-6.984049880699393e-11,6.984034298664755e-11,-3.4920249403496967e-13,3.4920171493323775e-13,4.9983030054473046e-09,5.0033035659160764e-06,5e-06,3.30356591607603e-09,0.000660713183215206
14820.0,0.019974828872998215,1.839217855349653e-05,-3.492010163334194e-13,3.492002596602295e-13,-6.984020326668388e-11,6.98400519320459e-11,-3.492010163334194e-13,3.492002596602295e-13,4.998303070411763e-09,5.003303565958339e-06,5e-06,3.303565958338739e-09,0.0006607131916677478
14850.0,0.01997478696905354,1.8434082409984995e-05,-3.491995389608613e-13,3.4919880407054704e-13,-6.983990779217225e-11,6.98397608141094e-11,-3.491995389608613e-13,3.4919880407054704e-13,4.998303133506045e-09,5.003303565999388e-06,5e-06,3.3035659993876497e-09,0.00066071319987753
14880.0,0.01997474506528611,1.847598609176581e-05,-3.4919806190800405e-13,3.491973481734836e-13,-6.983961238160081e-11,6.983946963469672e-11,-3.4919806190800405e-13,3.491973481734836e-13,4.998303194783986e-09,5.003303566039253e-06,5e-06,3.3035660392524084e-09,0.0006607132078504817
14910.0,0.01997470316169589,1.851788959880318e-05,-3.491965851658155e-13,3.491958919780654e-13,-6.98393170331631e-11,6.983917839561308e-11,-3.491965851658155e-13,3.491958919780654e-13,4.998303254297884e-09,5.0033035660779715e-06,5e-06,3.3035660779711314e-09,0.0006607132155942262
14940.0,0.019974661258282844,1.855979293106235e-05,-3.4919510872553546e-13,3.4919443549305853e-13,-6.983902174510709e-11,6.98388870986117e-11,-3.4919510872553546e-13,3.4919443549305853e-13,4.998303312098517e-09,5.0033035661155756e-06,5e-06,3.303566115575159e-09,0.0006607132231150318
14970.0,0.019974619355046935,1.8601696088509584e-05,-3.4919363257864283e-13,3.4919297872697716e-13,-6.983872651572857e-11,6.983859574539543e-11,-3.4919363257864283e-13,3.4919297872697716e-13,4.998303368235195e-09,5.003303566152097e-06,5e-06,3.3035661520966787e-09,0.0006607132304193357
15000.0,0.019974577451988128,1.8643599071112156e-05,-3.4919215671687695e-13,3.491915216880898e-13,-6.983843134337538e-11,6.983830433761796e-11,-3.4919215671687695e-13,3.491915216880898e-13,4.998303422755822e-09,5.003303566187566e-06,5e-06,3.3035661875653363e-09,0.0006607132375130672
15030.0,0.01997453554910639,1.8685501878838288e-05,-3.491906811321993e-13,3.4919006438442693e-13,-6.983813622643986e-11,6.983801287688538e-11,-3.491906811321993e-13,3.4919006438442693e-13,4.998303475706934e-09,5.003303566222014e-06,5e-06,3.3035662220133193e-09,0.0006607132444026639
15060.0,0.019974493646401692,1.872740451165714e-05,-3.49189205816818e-13,3.491886068237886e-13,-6.98378411633636e-11,6.983772136475772e-11,-3.49189205816818e-13,3.491886068237886e-13,4.998303527133699e-09,5.003303566255471e-06,5e-06,3.3035662554702736e-09,0.0006607132510940547
15090.0,0.019974451743874,1.876930696953879e-05,-3.491877307631511e-13,3.491871490137494e-13,-6.983754615263022e-11,6.983742980274988e-11,-3.491877307631511e-13,3.491871490137494e-13,4.998303577080015e-09,5.003303566287966e-06,5e-06,3.3035662879658456e-09,0.0006607132575931691
15120.0,0.019974409841523287,1.8811209252454187e-05,-3.4918625596384434e-13,3.491856909616666e-13,-6.983725119276887e-11,6.983713819233331e-11,-3.4918625596384434e-13,3.491856909616666e-13,4.9983036255884785e-09,5.003303566319523e-06,5e-06,3.303566319522905e-09,0.000660713263904581
15150.0,0.019974367939349518,1.885311136037515e-05,-3.4918478141175704e-13,3.4918423267468507e-13,-6.983695628235141e-11,6.983684653493701e-11,-3.4918478141175704e-13,3.4918423267468507e-13,4.998303672700501e-09,5.003303566350174e-06,5e-06,3.3035663501736393e-09,0.0006607132700347278
15180.0,0.019974326037352667,1.8895013293274323e-05,-3.491833070999426e-13,3.491827741597445e-13,-6.983666141998852e-11,6.98365548319489e-11,-3.491833070999426e-13,3.491827741597445e-13,4.9983037184562916e-09,5.003303566379941e-06,5e-06,3.3035663799409182e-09,0.0006607132759881836
15210.0,0.0199742841355327,1.8936915051125156e-05,-3.4918183302166333e-13,3.4918131542358413e-13,-6.983636660433266e-11,6.983626308471682e-11,-3.4918183302166333e-13,3.4918131542358413e-13,4.99830376289486e-09,5.003303566408851e-06,5e-06,3.3035664088509997e-09,0.0006607132817701999
15240.0,0.019974242233889602,1.8978816633901886e-05,-3.4918035917037487e-13,3.4917985647275004e-13,-6.983607183407497e-11,6.983597129455e-11,-3.4918035917037487e-13,3.4917985647275004e-13,4.998303806054155e-09,5.00330356643693e-06,5e-06,3.303566436929295e-09,0.000660713287385859
15270.0,0.019974200332423336,1.9020718041579517e-05,-3.4917888553972094e-13,3.4917839731359936e-13,-6.983577710794419e-11,6.983567946271987e-11,-3.4917888553972094e-13,3.4917839731359936e-13,4.998303847970985e-09,5.0033035664642e-06,5e-06,3.3035664641995206e-09,0.0006607132928399041
15300.0,0.01997415843113388,1.9062619274133795e-05,-3.4917741212352503e-13,3.4917693795230607e-13,-6.983548242470501e-11,6.983538759046121e-11,-3.4917741212352503e-13,3.4917693795230607e-13,4.998303888681127e-09,5.003303566490685e-06,5e-06,3.303566490684547e-09,0.0006607132981369093
15330.0,0.019974116530021215,1.9104520331541182e-05,-3.491759389157895e-13,3.491754783948668e-13,-6.98351877831579e-11,6.983509567897336e-11,-3.491759389157895e-13,3.491754783948668e-13,4.998303928219324e-09,5.0033035665164085e-06,5e-06,3.3035665164080904e-09,0.0006607133032816181
15360.0,0.01997407462908531,1.9146421213778835e-05,-3.4917446591069636e-13,3.4917401864710564e-13,-6.983489318213927e-11,6.983480372942113e-11,-3.4917446591069636e-13,3.4917401864710564e-13,4.998303966619314e-09,5.003303566541391e-06,5e-06,3.30356654139048e-09,0.000660713308278096
15390.0,0.019974032728326135,1.9188321920824596e-05,-3.4917299310258443e-13,3.491725587146784e-13,-6.983459862051689e-11,6.983451174293568e-11,-3.4917299310258443e-13,3.491725587146784e-13,4.998304003913845e-09,5.003303566565653e-06,5e-06,3.303566565652892e-09,0.0006607133131305784
15420.0,0.019973990827743676,1.9230222452656966e-05,-3.491715204859575e-13,3.491710986030788e-13,-6.98343040971915e-11,6.983421972061575e-11,-3.491715204859575e-13,3.491710986030788e-13,4.9983040401347616e-09,5.003303566589219e-06,5e-06,3.3035665892181955e-09,0.000660713317843639
15450.0,0.019973948927337906,1.9272122809255083e-05,-3.491700480554866e-13,3.4916963831764154e-13,-6.983400961109732e-11,6.983392766352831e-11,-3.491700480554866e-13,3.4916963831764154e-13,4.998304075312949e-09,5.003303566612104e-06,5e-06,3.3035666121033317e-09,0.0006607133224206663
15480.0,0.01997390702710881,1.9314022990598708e-05,-3.49168575805988e-13,3.4916817786354865e-13,-6.98337151611976e-11,6.983363557270973e-11,-3.49168575805988e-13,3.4916817786354865e-13,4.998304109478449e-09,5.003303566634332e-06,5e-06,3.3035666343311703e-09,0.000660713326866234
15510.0,0.019973865127056362,1.935592299666821e-05,-3.491671037324276e-13,3.491667172458325e-13,-6.983342074648551e-11,6.98333434491665e-11,-3.491671037324276e-13,3.491667172458325e-13,4.9983041426603905e-09,5.003303566655917e-06,5e-06,3.303566655916958e-09,0.0006607133311833915
15540.0,0.019973823227180543,1.9397822827444537e-05,-3.4916563182992017e-13,3.4916525646938053e-13,-6.983312636598403e-11,6.98330512938761e-11,-3.4916563182992017e-13,3.4916525646938053e-13,4.998304174887117e-09,5.003303566676884e-06,5e-06,3.3035666768835645e-09,0.0006607133353767129
15570.0,0.019973781327481337,1.943972248290921e-05,-3.4916416009371673e-13,3.4916379553894e-13,-6.983283201874334e-11,6.9832759107788e-11,-3.4916416009371673e-13,3.4916379553894e-13,4.998304206186088e-09,5.003303566697248e-06,5e-06,3.3035666972479306e-09,0.0006607133394495861
15600.0,0.019973739427958714,1.948162196304431e-05,-3.4916268851920686e-13,3.4916233445912083e-13,-6.983253770384137e-11,6.983246689182416e-11,-3.4916268851920686e-13,3.4916233445912083e-13,4.998304236584058e-09,5.003303566717024e-06,5e-06,3.303566717023609e-09,0.0006607133434047217
15630.0,0.01997369752861266,1.9523521267832436e-05,-3.491612171019132e-13,3.4916087323440055e-13,-6.983224342038264e-11,6.983217464688011e-11,-3.491612171019132e-13,3.4916087323440055e-13,4.998304266106921e-09,5.00330356673623e-06,5e-06,3.303566736229234e-09,0.0006607133472458467
15660.0,0.01997365562944316,1.9565420397256733e-05,-3.4915974583748767e-13,3.4915941186912773e-13,-6.983194916749753e-11,6.983188237382554e-11,-3.4915974583748767e-13,3.4915941186912773e-13,4.9983042947799036e-09,5.003303566754885e-06,5e-06,3.3035667548842875e-09,0.0006607133509768574
15690.0,0.019973613730450195,1.9607319351300836e-05,-3.4915827472170917e-13,3.49157950367526e-13,-6.983165494434183e-11,6.98315900735052e-11,-3.4915827472170917e-13,3.49157950367526e-13,4.998304322627454e-09,5.003303566773002e-06,5e-06,3.303566773001475e-09,0.000660713354600295
15720.0,0.019973571831633744,1.9649218129948882e-05,-3.491568037504752e-13,3.4915648873369726e-13,-6.983136075009503e-11,6.983129774673946e-11,-3.491568037504752e-13,3.4915648873369726e-13,4.998304349673334e-09,5.003303566790597e-06,5e-06,3.3035667905968906e-09,0.0006607133581193781
15750.0,0.019973529932993794,1.9691116733185477e-05,-3.4915533291979385e-13,3.4915502697162473e-13,-6.983106658395877e-11,6.983100539432494e-11,-3.4915533291979385e-13,3.4915502697162473e-13,4.998304375940626e-09,5.003303566807686e-06,5e-06,3.3035668076857803e-09,0.0006607133615371561
15780.0,0.019973488034530324,1.9733015160995698e-05,-3.4915386222580764e-13,3.4915356508517803e-13,-6.983077244516153e-11,6.98307130170356e-11,-3.4915386222580764e-13,3.4915356508517803e-13,4.998304401451735e-09,5.003303566824281e-06,5e-06,3.30356682428085e-09,0.00066071336485617
15810.0,0.019973446136243328,1.977491341336507e-05,-3.4915239166475225e-13,3.491521030781146e-13,-6.983047833295044e-11,6.983042061562292e-11,-3.4915239166475225e-13,3.491521030781146e-13,4.99830442622845e-09,5.003303566840402e-06,5e-06,3.303566840401581e-09,0.0006607133680803162
15840.0,0.019973404238132778,1.9816811490279563e-05,-3.4915092123298027e-13,3.4915064095408424e-13,-6.983018424659606e-11,6.983012819081684e-11,-3.4915092123298027e-13,3.4915064095408424e-13,4.998304450291894e-09,5.003303566856056e-06,5e-06,3.3035668560555968e-09,0.0006607133712111193
15870.0,0.01997336234019867,1.9858709391725557e-05,-3.4914945092694273e-13,3.4914917871663105e-13,-6.982989018538854e-11,6.982983574332621e-11,-3.4914945092694273e-13,3.4914917871663105e-13,4.998304473662613e-09,5.003303566871261e-06,5e-06,3.303566871260685e-09,0.000660713374252137
15900.0,0.019973320442440982,1.9900607117689857e-05,-3.4914798074320387e-13,3.491477163691976e-13,-6.982959614864077e-11,6.982954327383952e-11,-3.4914798074320387e-13,3.491477163691976e-13,4.998304496360553e-09,5.003303566886028e-06,5e-06,3.3035668860278576e-09,0.0006607133772055715
15930.0,0.0199732785448597,1.9942504668159676e-05,-3.491465106784171e-13,3.491462539151272e-13,-6.982930213568342e-11,6.982925078302544e-11,-3.491465106784171e-13,3.491462539151272e-13,4.9983045184050505e-09,5.00330356690037e-06,5e-06,3.3035669003698195e-09,0.0006607133800739639
15960.0,0.019973236647454814,1.9984402043122597e-05,-3.491450407293345e-13,3.491447913576669e-13,-6.98290081458669e-11,6.982895827153338e-11,-3.491450407293345e-13,3.491447913576669e-13,4.9983045398149506e-09,5.003303566914299e-06,5e-06,3.3035669142984293e-09,0.0006607133828596859
15990.0,0.019973194750226308,2.0026299242566596e-05,-3.4914357089280376e-13,3.491433286999703e-13,-6.982871417856075e-11,6.982866573999406e-11,-3.4914357089280376e-13,3.491433286999703e-13,4.998304560608489e-09,5.003303566927827e-06,5e-06,3.3035669278263925e-09,0.0006607133855652784
16020.0,0.019973152853174168,2.006819626648001e-05,-3.491421011657625e-13,3.491418659451001e-13,-6.98284202331525e-11,6.982837318902001e-11,-3.491421011657625e-13,3.491418659451001e-13,4.998304580803453e-09,5.003303566940966e-06,5e-06,3.3035669409655675e-09,0.0006607133881931135
16050.0,0.019973110956298383,2.0110093114851535e-05,-3.4914063154523353e-13,3.491404030960313e-13,-6.982812630904671e-11,6.982808061920626e-11,-3.4914063154523353e-13,3.491404030960313e-13,4.998304600417045e-09,5.003303566953726e-06,5e-06,3.303566953725272e-09,0.0006607133907450543
16080.0,0.019973069059598943,2.0151989787670215e-05,-3.49139162028331e-13,3.4913894015565256e-13,-6.98278324056662e-11,6.982778803113051e-11,-3.49139162028331e-13,3.4913894015565256e-13,4.998304619466009e-09,5.00330356696612e-06,5e-06,3.303566966119905e-09,0.000660713393223981
16110.0,0.019973027163075828,2.0193886284925426e-05,-3.491376926122474e-13,3.4913747712676973e-13,-6.982753852244948e-11,6.982749542535394e-11,-3.491376926122474e-13,3.4913747712676973e-13,4.9983046379665866e-09,5.003303566978155e-06,5e-06,3.303566978154549e-09,0.0006607133956309098
16140.0,0.019972985266729033,2.0235782606606878e-05,-3.491362232942562e-13,3.491360140121082e-13,-6.982724465885124e-11,6.982720280242164e-11,-3.491362232942562e-13,3.491360140121082e-13,4.9983046559345864e-09,5.003303566989845e-06,5e-06,3.3035669898444508e-09,0.0006607133979688901
16170.0,0.019972943370558542,2.0277678752704597e-05,-3.4913475407171454e-13,3.491345508143142e-13,-6.98269508143429e-11,6.982691016286283e-11,-3.4913475407171454e-13,3.491345508143142e-13,4.998304673385319e-09,5.003303567001197e-06,5e-06,3.3035670011963863e-09,0.0006607134002392772
16200.0,0.019972901474564347,2.031957472320891e-05,-3.4913328494204556e-13,3.491330875359583e-13,-6.982665698840911e-11,6.982661750719166e-11,-3.4913328494204556e-13,3.491330875359583e-13,4.9983046903336905e-09,5.003303567012222e-06,5e-06,3.303567012221367e-09,0.0006607134024442734
16230.0,0.01997285957874644,2.0361470518110456e-05,-3.4913181590275925e-13,3.491316241795369e-13,-6.982636318055185e-11,6.982632483590738e-11,-3.4913181590275925e-13,3.491316241795369e-13,4.998304706794163e-09,5.003303567022932e-06,5e-06,3.3035670229312518e-09,0.0006607134045862503
16260.0,0.019972817683104802,2.0403366137400157e-05,-3.491303469514275e-13,3.4913016074747463e-13,-6.98260693902855e-11,6.982603214949492e-11,-3.491303469514275e-13,3.4913016074747463e-13,4.998304722780758e-09,5.0033035670333315e-06,5e-06,3.3035670333311223e-09,0.0006607134066662244
16290.0,0.01997277578763943,2.0445261581069215e-05,-3.4912887808569933e-13,3.491286972421262e-13,-6.982577561713986e-11,6.982573944842524e-11,-3.4912887808569933e-13,3.491286972421262e-13,4.998304738307161e-09,5.003303567043432e-06,5e-06,3.30356704343199e-09,0.000660713408686398
16320.0,0.019972733892350315,2.048715684910911e-05,-3.4912740930328254e-13,3.491272336657784e-13,-6.982548186065651e-11,6.982544673315568e-11,-3.4912740930328254e-13,3.491272336657784e-13,4.998304753386584e-09,5.003303567053242e-06,5e-06,3.3035670532414788e-09,0.0006607134106482957
16350.0,0.019972691997237446,2.0529051941511584e-05,-3.491259406019597e-13,3.491257700206525e-13,-6.982518812039193e-11,6.98251540041305e-11,-3.491259406019597e-13,3.491257700206525e-13,4.9983047680318846e-09,5.003303567062771e-06,5e-06,3.3035670627705994e-09,0.0006607134125541198
16380.0,0.019972650102300808,2.0570946858268652e-05,-3.4912447197957305e-13,3.4912430630890586e-13,-6.982489439591461e-11,6.982486126178118e-11,-3.4912447197957305e-13,3.4912430630890586e-13,4.998304782255605e-09,5.003303567072026e-06,5e-06,3.3035670720252814e-09,0.0006607134144050562
16410.0,0.019972608207540397,2.0612841599372567e-05,-3.4912300343402536e-13,3.491228425326333e-13,-6.982460068680507e-11,6.982456850652666e-11,-3.4912300343402536e-13,3.491228425326333e-13,4.99830479606986e-09,5.003303567081013e-06,5e-06,3.303567081012301e-09,0.0006607134162024601
16440.0,0.0199725663129562,2.065473616481583e-05,-3.491215349632825e-13,3.4912137869386996e-13,-6.982430699265649e-11,6.9824275738774e-11,-3.491215349632825e-13,3.4912137869386996e-13,4.998304809486418e-09,5.0033035670897405e-06,5e-06,3.3035670897401285e-09,0.0006607134179480256
16470.0,0.019972524418548215,2.069663055459118e-05,-3.491200665653671e-13,3.491199147945916e-13,-6.982401331307342e-11,6.982398295891831e-11,-3.491200665653671e-13,3.491199147945916e-13,4.998304822516755e-09,5.003303567098219e-06,5e-06,3.3035670982189283e-09,0.0006607134196437856
16500.0,0.019972482524316427,2.0738524768691585e-05,-3.4911859823836544e-13,3.4911845083671777e-13,-6.982371964767308e-11,6.982369016734356e-11,-3.4911859823836544e-13,3.4911845083671777e-13,4.998304835171983e-09,5.003303567106451e-06,5e-06,3.3035671064503944e-09,0.0006607134212900788
16530.0,0.019972440630260827,2.078041880711024e-05,-3.4911712998040705e-13,3.4911698682211237e-13,-6.982342599608141e-11,6.982339736442247e-11,-3.4911712998040705e-13,3.4911698682211237e-13,4.99830484746289e-09,5.003303567114448e-06,5e-06,3.3035671144472325e-09,0.0006607134228894465
16560.0,0.019972398736381413,2.0822312669840548e-05,-3.491156617896855e-13,3.491155227525861e-13,-6.98231323579371e-11,6.982310455051722e-11,-3.491156617896855e-13,3.491155227525861e-13,4.998304859399957e-09,5.003303567122214e-06,5e-06,3.3035671222136776e-09,0.0006607134244427355
16590.0,0.019972356842678174,2.086420635687614e-05,-3.4911419366443806e-13,3.491140586298969e-13,-6.982283873288761e-11,6.982281172597938e-11,-3.4911419366443806e-13,3.491140586298969e-13,4.998304870993405e-09,5.003303567129756e-06,5e-06,3.303567129755659e-09,0.0006607134259511317
16620.0,0.019972314949151103,2.090609986821083e-05,-3.4911272560296445e-13,3.491125944557527e-13,-6.982254512059289e-11,6.982251889115054e-11,-3.4911272560296445e-13,3.491125944557527e-13,4.998304882253089e-09,5.003303567137082e-06,5e-06,3.303567137081647e-09,0.0006607134274163294
16650.0,0.01997227305580019,2.094799320383865e-05,-3.491112576035991e-13,3.4911113023181156e-13,-6.982225152071982e-11,6.982222604636231e-11,-3.491112576035991e-13,3.4911113023181156e-13,4.998304893188639e-09,5.0033035671441954e-06,5e-06,3.3035671441950296e-09,0.0006607134288390059
16680.0,0.019972231162625427,2.0989886363753812e-05,-3.4910978966473236e-13,3.491096659596847e-13,-6.982195793294647e-11,6.982193319193694e-11,-3.4910978966473236e-13,3.491096659596847e-13,4.998304903809389e-09,5.003303567151105e-06,5e-06,3.3035671511042773e-09,0.0006607134302208554
16710.0,0.019972189269626815,2.1031779347950723e-05,-3.491083217848004e-13,3.491082016409365e-13,-6.982166435696008e-11,6.98216403281873e-11,-3.491083217848004e-13,3.491082016409365e-13,4.998304914124378e-09,5.003303567157816e-06,5e-06,3.3035671578153194e-09,0.0006607134315630639
16740.0,0.01997214737680434,2.1073672156423974e-05,-3.491068539622877e-13,3.49106737277086e-13,-6.982137079245754e-11,6.982134745541719e-11,-3.491068539622877e-13,3.49106737277086e-13,4.9983049241424225e-09,5.003303567164334e-06,5e-06,3.303567164333238e-09,0.0006607134328666475
16770.0,0.019972105484157995,2.1115564789168328e-05,-3.4910538619571275e-13,3.4910527286960876e-13,-6.982107723914255e-11,6.982105457392175e-11,-3.4910538619571275e-13,3.4910527286960876e-13,4.998304933872079e-09,5.0033035671706635e-06,5e-06,3.303567170663115e-09,0.000660713434132623
16800.0,0.019972063591687777,2.115745724617872e-05,-3.4910391848364687e-13,3.4910380841993827e-13,-6.982078369672937e-11,6.982076168398765e-11,-3.4910391848364687e-13,3.4910380841993827e-13,4.998304943321642e-09,5.0033035671768104e-06,5e-06,3.3035671768100332e-09,0.0006607134353620066
16830.0,0.019972021699393678,2.1199349527450255e-05,-3.4910245082469513e-13,3.4910234392946617e-13,-6.982049016493902e-11,6.982046878589323e-11,-3.4910245082469513e-13,3.4910234392946617e-13,4.998304952499166e-09,5.003303567182781e-06,5e-06,3.3035671827807685e-09,0.0006607134365561537
16860.0,0.01997197980727569,2.1241241632978202e-05,-3.491009832175086e-13,3.491008793995444e-13,-6.982019664350173e-11,6.982017587990888e-11,-3.491009832175086e-13,3.491008793995444e-13,4.9983049614124925e-09,5.00330356718858e-06,5e-06,3.303567188579556e-09,0.0006607134377159112
16890.0,0.01997193791533381,2.128313356275798e-05,-3.4909951566077013e-13,3.490994148314855e-13,-6.981990313215402e-11,6.98198829662971e-11,-3.4909951566077013e-13,3.490994148314855e-13,4.998304970069223e-09,5.003303567194211e-06,5e-06,3.303567194210631e-09,0.0006607134388421262
16920.0,0.019971896023568032,2.132502531678517e-05,-3.490980481532078e-13,3.490979502265649e-13,-6.981960963064155e-11,6.981959004531299e-11,-3.490980481532078e-13,3.490979502265649e-13,4.99830497847675e-09,5.003303567199681e-06,5e-06,3.30356719968077e-09,0.000660713439936154
16950.0,0.01997185413197835,2.136691689505549e-05,-3.4909658069358224e-13,3.4909648558602103e-13,-6.981931613871645e-11,6.98192971172042e-11,-3.4909658069358224e-13,3.4909648558602103e-13,4.998304986642238e-09,5.003303567204994e-06,5e-06,3.3035672049933605e-09,0.0006607134409986721
16980.0,0.019971812240564754,2.1408808297564815e-05,-3.490951132806916e-13,3.490950209110563e-13,-6.981902265613831e-11,6.981900418221126e-11,-3.490951132806916e-13,3.490950209110563e-13,4.998304994572663e-09,5.003303567210152e-06,5e-06,3.303567210151791e-09,0.0006607134420303582
17010.0,0.019971770349327244,2.1450699524309154e-05,-3.4909364591336524e-13,3.4909355620283926e-13,-6.981872918267305e-11,6.981871124056785e-11,-3.4909364591336524e-13,3.4909355620283926e-13,4.998305002274804e-09,5.003303567215164e-06,5e-06,3.303567215163685e-09,0.000660713443032737
17040.0,0.019971728458265812,2.1492590575284653e-05,-3.490921785904742e-13,3.490920914625039e-13,-6.981843571809484e-11,6.981841829250077e-11,-3.490921785904742e-13,3.490920914625039e-13,4.9983050097552064e-09,5.0033035672200295e-06,5e-06,3.3035672200290423e-09,0.0006607134440058084
17070.0,0.019971686567380457,2.1534481450487588e-05,-3.4909071131090867e-13,3.4909062669115227e-13,-6.981814226218173e-11,6.981812533823045e-11,-3.4909071131090867e-13,3.4909062669115227e-13,4.9983050170202585e-09,5.003303567224757e-06,5e-06,3.3035672247563332e-09,0.0006607134449512666
17100.0,0.019971644676671167,2.157637214991437e-05,-3.4908924407360437e-13,3.490891618898544e-13,-6.981784881472088e-11,6.981783237797088e-11,-3.4908924407360437e-13,3.490891618898544e-13,4.998305024076168e-09,5.003303567229346e-06,5e-06,3.3035672293455577e-09,0.0006607134458691115
17130.0,0.01997160278613794,2.161826267356153e-05,-3.4908777687752087e-13,3.4908769705964956e-13,-6.981755537550417e-11,6.981753941192991e-11,-3.4908777687752087e-13,3.4908769705964956e-13,4.998305030928961e-09,5.003303567233805e-06,5e-06,3.303567233804339e-09,0.0006607134467608678
17160.0,0.019971560895780772,2.1660153021425713e-05,-3.4908630972164923e-13,3.490862322015474e-13,-6.981726194432985e-11,6.981724644030948e-11,-3.4908630972164923e-13,3.490862322015474e-13,4.998305037584476e-09,5.003303567238134e-06,5e-06,3.3035672381335245e-09,0.0006607134476267049
17190.0,0.01997151900559966,2.1702043193503695e-05,-3.4908484260500284e-13,3.490847673165278e-13,-6.981696852100057e-11,6.981695346330556e-11,-3.4908484260500284e-13,3.490847673165278e-13,4.99830504404838e-09,5.003303567242339e-06,5e-06,3.303567242338196e-09,0.0006607134484676392
17220.0,0.019971477115594594,2.174393318979236e-05,-3.49083375526639e-13,3.490833024055433e-13,-6.98166751053278e-11,6.981666048110866e-11,-3.49083375526639e-13,3.490833024055433e-13,4.998305050326224e-09,5.003303567246423e-06,5e-06,3.303567246422589e-09,0.0006607134492845177
17250.0,0.01997143522576558,2.17858230102887e-05,-3.490819084856267e-13,3.490818374695182e-13,-6.981638169712534e-11,6.981636749390364e-11,-3.490819084856267e-13,3.490818374695182e-13,4.998305056423342e-09,5.0033035672503905e-06,5e-06,3.3035672503900913e-09,0.0006607134500780182
17280.0,0.019971393336112604,2.182771265498982e-05,-3.490804414810707e-13,3.490803725093507e-13,-6.981608829621414e-11,6.981607450187014e-11,-3.490804414810707e-13,3.490803725093507e-13,4.9983050623449245e-09,5.003303567254244e-06,5e-06,3.303567254243244e-09,0.0006607134508486488
17310.0,0.01997135144663566,2.1869602123892928e-05,-3.490789745120998e-13,3.4907890752591306e-13,-6.981579490241995e-11,6.98157815051826e-11,-3.490789745120998e-13,3.4907890752591306e-13,4.998305068096043e-09,5.003303567257985e-06,5e-06,3.3035672579845887e-09,0.0006607134515969177
17340.0,0.019971309557334747,2.1911491416995337e-05,-3.490775075778602e-13,3.490774425200524e-13,-6.981550151557204e-11,6.981548850401048e-11,-3.490775075778602e-13,3.490774425200524e-13,4.998305073681605e-09,5.003303567261618e-06,5e-06,3.303567261617513e-09,0.0006607134523235026
17370.0,0.019971267668209867,2.1953380534294445e-05,-3.490760406775338e-13,3.4907597749259146e-13,-6.981520813550676e-11,6.981519549851829e-11,-3.490760406775338e-13,3.4907597749259146e-13,4.998305079106381e-09,5.003303567265147e-06,5e-06,3.3035672651462523e-09,0.0006607134530292505
17400.0,0.01997122577926101,2.1995269475787762e-05,-3.4907457381032613e-13,3.4907451244432906e-13,-6.981491476206522e-11,6.981490248886581e-11,-3.4907457381032613e-13,3.4907451244432906e-13,4.9983050843749734e-09,5.003303567268574e-06,5e-06,3.3035672685733476e-09,0.0006607134537146695
17430.0,0.019971183890488173,2.203715824147289e-05,-3.490731069754537e-13,3.490730473760413e-13,-6.981462139509074e-11,6.981460947520826e-11,-3.490731069754537e-13,3.490730473760413e-13,4.998305089491897e-09,5.0033035672719034e-06,5e-06,3.303567271903034e-09,0.0006607134543806068
17460.0,0.019971142001891352,2.207904683134751e-05,-3.490716401721672e-13,3.490715822884819e-13,-6.981432803443344e-11,6.981431645769638e-11,-3.490716401721672e-13,3.490715822884819e-13,4.99830509446152e-09,5.0033035672751366e-06,5e-06,3.303567275136159e-09,0.0006607134550272318
17490.0,0.01997110011347054,2.212093524540939e-05,-3.4907017339972913e-13,3.490701171823831e-13,-6.981403467994583e-11,6.981402343647662e-11,-3.4907017339972913e-13,3.490701171823831e-13,4.998305099288072e-09,5.0033035672782765e-06,5e-06,3.30356727827611e-09,0.0006607134556552219
17520.0,0.01997105822522574,2.216282348365641e-05,-3.4906870665743376e-13,3.4906865205845544e-13,-6.981374133148675e-11,6.981373041169108e-11,-3.4906870665743376e-13,3.4906865205845544e-13,4.998305103975692e-09,5.003303567281325e-06,5e-06,3.3035672813245816e-09,0.0006607134562649163
17550.0,0.019971016337156946,2.2204711546086496e-05,-3.490672399445917e-13,3.4906718691738943e-13,-6.981344798891834e-11,6.981343738347788e-11,-3.490672399445917e-13,3.4906718691738943e-13,4.998305108528361e-09,5.003303567284287e-06,5e-06,3.3035672842866558e-09,0.0006607134568573311
17580.0,0.019970974449264153,2.224659943269768e-05,-3.4906577326052705e-13,3.490657217598558e-13,-6.981315465210541e-11,6.981314435197116e-11,-3.4906577326052705e-13,3.490657217598558e-13,4.998305112949969e-09,5.003303567287163e-06,5e-06,3.3035672871623326e-09,0.0006607134574324665
17610.0,0.019970932561547354,2.2288487143488065e-05,-3.49064306604591e-13,3.4906425658650566e-13,-6.98128613209182e-11,6.981285131730113e-11,-3.49064306604591e-13,3.4906425658650566e-13,4.998305117244282e-09,5.0033035672899546e-06,5e-06,3.3035672899541532e-09,0.0006607134579908306
17640.0,0.019970890674006557,2.2330374678455824e-05,-3.4906283997615214e-13,3.490627913979716e-13,-6.981256799523042e-11,6.981255827959432e-11,-3.4906283997615214e-13,3.490627913979716e-13,4.998305121414982e-09,5.003303567292668e-06,5e-06,3.3035672926671998e-09,0.0006607134585334399
17670.0,0.019970848786641748,2.237226203759921e-05,-3.4906137337459627e-13,3.4906132619486783e-13,-6.981227467491925e-11,6.981226523897356e-11,-3.4906137337459627e-13,3.4906132619486783e-13,4.9983051254656104e-09,5.003303567295303e-06,5e-06,3.3035672953023193e-09,0.0006607134590604639
17700.0,0.019970806899452933,2.241414922091654e-05,-3.4905990679932555e-13,3.4905986097779123e-13,-6.981198135986511e-11,6.981197219555824e-11,-3.4905990679932555e-13,3.4905986097779123e-13,4.998305129399639e-09,5.0033035672978625e-06,5e-06,3.303567297862053e-09,0.0006607134595724106
17730.0,0.0199707650124401,2.2456036228406217e-05,-3.4905844024976034e-13,3.490583957473209e-13,-6.981168804995206e-11,6.981167914946418e-11,-3.4905844024976034e-13,3.490583957473209e-13,4.998305133220413e-09,5.003303567300347e-06,5e-06,3.3035673003464005e-09,0.00066071346006928
17760.0,0.019970723125603253,2.2497923060066704e-05,-3.4905697372533704e-13,3.4905693050402e-13,-6.981139474506741e-11,6.981138610080399e-11,-3.4905697372533704e-13,3.4905693050402e-13,4.998305136931185e-09,5.003303567302762e-06,5e-06,3.3035673027612914e-09,0.0006607134605522583
17790.0,0.019970681238942384,2.2539809715896518e-05,-3.49055507225513e-13,3.4905546524843465e-13,-6.981110144510259e-11,6.981109304968692e-11,-3.49055507225513e-13,3.4905546524843465e-13,4.998305140535135e-09,5.0033035673051054e-06,5e-06,3.3035673051050316e-09,0.0006607134610210063
17820.0,0.019970639352457496,2.258169619589425e-05,-3.4905404074975016e-13,3.4905399998109617e-13,-6.981080814995003e-11,6.981079999621923e-11,-3.4905404074975016e-13,3.4905399998109617e-13,4.998305144035345e-09,5.003303567307383e-06,5e-06,3.303567307382703e-09,0.0006607134614765406
17850.0,0.01997059746614858,2.2623582500058554e-05,-3.490525742975413e-13,3.4905253470251946e-13,-6.981051485950825e-11,6.981050694050389e-11,-3.490525742975413e-13,3.4905253470251946e-13,4.99830514743479e-09,5.003303567309595e-06,5e-06,3.303567309594306e-09,0.0006607134619188612
17880.0,0.019970555580015637,2.266546862838814e-05,-3.490511078683794e-13,3.4905106941320576e-13,-6.981022157367588e-11,6.981021388264115e-11,-3.490511078683794e-13,3.4905106941320576e-13,4.9983051507363644e-09,5.003303567311743e-06,5e-06,3.3035673117423817e-09,0.0006607134623484763
17910.0,0.01997051369405866,2.2707354580881774e-05,-3.4904964146177913e-13,3.4904960411364116e-13,-6.980992829235582e-11,6.980992082272823e-11,-3.4904964146177913e-13,3.4904960411364116e-13,4.9983051539428995e-09,5.003303567313829e-06,5e-06,3.303567313828624e-09,0.0006607134627657248
17940.0,0.01997047180827765,2.2749240357538287e-05,-3.4904817507726835e-13,3.4904813880429807e-13,-6.980963501545366e-11,6.980962776085961e-11,-3.4904817507726835e-13,3.4904813880429807e-13,4.998305157057133e-09,5.003303567315854e-06,5e-06,3.3035673158538797e-09,0.0006607134631707759
17970.0,0.019970429922672603,2.2791125958356564e-05,-3.4904670871439357e-13,3.490466734856349e-13,-6.980934174287871e-11,6.980933469712698e-11,-3.4904670871439357e-13,3.490466734856349e-13,4.998305160081702e-09,5.003303567317822e-06,5e-06,3.303567317821537e-09,0.0006607134635643074
18000.0,0.019970388037243516,2.283301138333553e-05,-3.4904524237270035e-13,3.490452081580976e-13,-6.980904847454007e-11,6.980904163161951e-11,-3.4904524237270035e-13,3.490452081580976e-13,4.998305163019214e-09,5.003303567319732e-06,5e-06,3.3035673197315965e-09,0.0006607134639463192
18030.0,0.01997034615199039,2.287489663247419e-05,-3.4904377605176283e-13,3.490437428221183e-13,-6.980875521035256e-11,6.980874856442366e-11,-3.4904377605176283e-13,3.490437428221183e-13,4.9983051658721475e-09,5.003303567321588e-06,5e-06,3.3035673215874457e-09,0.0006607134643174891
18060.0,0.01997030426691322,2.2916781705771564e-05,-3.490423097511582e-13,3.490422774781176e-13,-6.980846195023164e-11,6.980845549562352e-11,-3.490423097511582e-13,3.490422774781176e-13,4.998305168642954e-09,5.00330356732339e-06,5e-06,3.3035673233899318e-09,0.0006607134646779864
18090.0,0.019970262382012004,2.2958666603226746e-05,-3.4904084347047836e-13,3.490408121265034e-13,-6.980816869409567e-11,6.980816242530068e-11,-3.4904084347047836e-13,3.490408121265034e-13,4.998305171334001e-09,5.003303567325142e-06,5e-06,3.303567325141596e-09,0.0006607134650283192
18120.0,0.01997022049728674,2.3000551324838867e-05,-3.490393772093294e-13,3.490393467676721e-13,-6.980787544186587e-11,6.980786935353442e-11,-3.490393772093294e-13,3.490393467676721e-13,4.998305173947589e-09,5.003303567326842e-06,5e-06,3.303567326841591e-09,0.0006607134653683182
18150.0,0.019970178612737425,2.3042435870607108e-05,-3.4903791096732177e-13,3.4903788140200876e-13,-6.980758219346435e-11,6.980757628040175e-11,-3.4903791096732177e-13,3.4903788140200876e-13,4.998305176485917e-09,5.003303567328494e-06,5e-06,3.3035673284933053e-09,0.000660713465698661
18180.0,0.019970136728364053,2.3084320240530696e-05,-3.49036444744085e-13,3.49036416029887e-13,-6.9807288948817e-11,6.98072832059774e-11,-3.49036444744085e-13,3.49036416029887e-13,4.998305178951188e-09,5.003303567330097e-06,5e-06,3.3035673300967387e-09,0.0006607134660193477
18210.0,0.01997009484416663,2.3126204434608895e-05,-3.490349785392542e-13,3.490349506516703e-13,-6.980699570785083e-11,6.980699013033406e-11,-3.490349785392542e-13,3.490349506516703e-13,4.998305181345475e-09,5.003303567331655e-06,5e-06,3.3035673316544323e-09,0.0006607134663308864
18240.0,0.019970052960145146,2.316808845284102e-05,-3.4903351235247754e-13,3.4903348526771097e-13,-6.980670247049551e-11,6.980669705354219e-11,-3.4903351235247754e-13,3.4903348526771097e-13,4.998305183670841e-09,5.003303567333168e-06,5e-06,3.303567333167233e-09,0.0006607134666334466
18270.0,0.0199700110762996,2.3209972295226422e-05,-3.490320461834098e-13,3.4903201987835163e-13,-6.980640923668196e-11,6.980640397567033e-11,-3.490320461834098e-13,3.4903201987835163e-13,4.998305185929281e-09,5.003303567334636e-06,5e-06,3.3035673346359882e-09,0.0006607134669271976
18300.0,0.01996996919263,2.3251855961764492e-05,-3.4903058003171973e-13,3.490305544839249e-13,-6.980611600634394e-11,6.980611089678498e-11,-3.4903058003171973e-13,3.490305544839249e-13,4.998305188122684e-09,5.003303567336064e-06,5e-06,3.3035673360632387e-09,0.0006607134672126477
18330.0,0.019969927309136336,2.329373945245466e-05,-3.490291138970887e-13,3.490290890847539e-13,-6.980582277941774e-11,6.980581781695078e-11,-3.490291138970887e-13,3.490290890847539e-13,4.998305190252953e-09,5.003303567337451e-06,5e-06,3.3035673374506787e-09,0.0006607134674901357
18360.0,0.019969885425818602,2.3335622767296397e-05,-3.4902764777919967e-13,3.490276236811522e-13,-6.980552955583994e-11,6.980552473623044e-11,-3.4902764777919967e-13,3.490276236811522e-13,4.998305192321898e-09,5.003303567338797e-06,5e-06,3.303567338796614e-09,0.0006607134677593228
18390.0,0.0199698435426768,2.3377505906289205e-05,-3.490261816777469e-13,3.4902615827342477e-13,-6.980523633554938e-11,6.980523165468495e-11,-3.490261816777469e-13,3.4902615827342477e-13,4.9983051943312874e-09,5.003303567340104e-06,5e-06,3.303567340103586e-09,0.0006607134680207172
18420.0,0.01996980165971093,2.341938886943263e-05,-3.490247155924324e-13,3.4902469286186737e-13,-6.980494311848647e-11,6.980493857237347e-11,-3.490247155924324e-13,3.4902469286186737e-13,4.99830519628282e-09,5.0033035673413745e-06,5e-06,3.3035673413741353e-09,0.0006607134682748271
18450.0,0.019969759776920986,2.346127165672624e-05,-3.490232495229741e-13,3.4902322744676754e-13,-6.980464990459481e-11,6.98046454893535e-11,-3.490232495229741e-13,3.4902322744676754e-13,4.998305198178174e-09,5.003303567342605e-06,5e-06,3.303567342604874e-09,0.0006607134685209748
18480.0,0.01996971789430697,2.350315426816964e-05,-3.4902178346908933e-13,3.490217620284043e-13,-6.980435669381786e-11,6.980435240568086e-11,-3.4902178346908933e-13,3.490217620284043e-13,4.99830520001897e-09,5.003303567343804e-06,5e-06,3.303567343803426e-09,0.0006607134687606852
18510.0,0.01996967601186888,2.354503670376249e-05,-3.490203174305068e-13,3.49020296607049e-13,-6.980406348610137e-11,6.98040593214098e-11,-3.490203174305068e-13,3.49020296607049e-13,4.998305201806773e-09,5.003303567344967e-06,5e-06,3.303567344966402e-09,0.0006607134689932804
18540.0,0.019969634129606707,2.3586918963504445e-05,-3.4901885140696496e-13,3.4901883118296474e-13,-6.980377028139299e-11,6.980376623659295e-11,-3.4901885140696496e-13,3.4901883118296474e-13,4.998305203543112e-09,5.003303567346096e-06,5e-06,3.303567346095497e-09,0.0006607134692190994
18570.0,0.019969592247520457,2.3628801047395213e-05,-3.490173853982031e-13,3.490173657564073e-13,-6.980347707964062e-11,6.980347315128146e-11,-3.490173853982031e-13,3.490173657564073e-13,4.9983052052294664e-09,5.003303567347192e-06,5e-06,3.3035673471915576e-09,0.0006607134694383115
18600.0,0.019969550365610128,2.3670682955434527e-05,-3.490159194039807e-13,3.4901590032762513e-13,-6.980318388079614e-11,6.980318006552503e-11,-3.490159194039807e-13,3.4901590032762513e-13,4.9983052068672725e-09,5.003303567348258e-06,5e-06,3.303567348257972e-09,0.0006607134696515944
18630.0,0.019969508483875718,2.371256468762215e-05,-3.490144534240518e-13,3.490144348968593e-13,-6.980289068481035e-11,6.980288697937186e-11,-3.490144534240518e-13,3.490144348968593e-13,4.99830520845792e-09,5.0033035673492935e-06,5e-06,3.3035673492930463e-09,0.0006607134698586092
18660.0,0.019969466602317222,2.3754446243957872e-05,-3.4901298745818255e-13,3.490129694643443e-13,-6.98025974916365e-11,6.980259389286886e-11,-3.4901298745818255e-13,3.490129694643443e-13,4.998305210002783e-09,5.003303567350298e-06,5e-06,3.3035673502976274e-09,0.0006607134700595254
18690.0,0.019969424720934645,2.379632762444151e-05,-3.490115215061462e-13,3.4901150403030753e-13,-6.980230430122924e-11,6.98023008060615e-11,-3.490115215061462e-13,3.4901150403030753e-13,4.99830521150318e-09,5.003303567351275e-06,5e-06,3.3035673512742564e-09,0.0006607134702548513
18720.0,0.019969382839727975,2.3838208829072905e-05,-3.490100555677208e-13,3.4901003859497005e-13,-6.980201111354416e-11,6.9802007718994e-11,-3.490100555677208e-13,3.4901003859497005e-13,4.998305212960388e-09,5.0033035673522225e-06,5e-06,3.3035673522220863e-09,0.0006607134704444172
18750.0,0.019969340958697217,2.388008985785193e-05,-3.490085896426911e-13,3.4900857315854634e-13,-6.980171792853822e-11,6.980171463170927e-11,-3.490085896426911e-13,3.4900857315854634e-13,4.998305214375631e-09,5.003303567353143e-06,5e-06,3.303567353142811e-09,0.0006607134706285622
18780.0,0.01996929907784237,2.3921970710778486e-05,-3.4900712373085094e-13,3.490071077212449e-13,-6.980142474617019e-11,6.980142154424898e-11,-3.4900712373085094e-13,3.490071077212449e-13,4.9983052157501384e-09,5.003303567354038e-06,5e-06,3.303567354037278e-09,0.0006607134708074556
18810.0,0.019969257197163432,2.396385138785248e-05,-3.490056578319966e-13,3.490056422832681e-13,-6.980113156639932e-11,6.980112845665363e-11,-3.490056578319966e-13,3.490056422832681e-13,4.998305217085074e-09,5.003303567354907e-06,5e-06,3.3035673549063337e-09,0.0006607134709812667
18840.0,0.019969215316660398,2.4005731889073853e-05,-3.4900419194592946e-13,3.4900417684481276e-13,-6.980083838918589e-11,6.980083536896255e-11,-3.4900419194592946e-13,3.4900417684481276e-13,4.998305218381582e-09,5.003303567355749e-06,5e-06,3.3035673557482844e-09,0.0006607134711496569
18870.0,0.019969173436333268,2.4047612214442582e-05,-3.490027260724601e-13,3.490027114060696e-13,-6.980054521449202e-11,6.980054228121393e-11,-3.490027260724601e-13,3.490027114060696e-13,4.998305219640768e-09,5.003303567356569e-06,5e-06,3.3035673565682123e-09,0.0006607134713136425
18900.0,0.019969131556182042,2.4089492363958655e-05,-3.490012602114044e-13,3.490012459672242e-13,-6.980025204228088e-11,6.980024919344484e-11,-3.490012602114044e-13,3.490012459672242e-13,4.9983052208636995e-09,5.003303567357364e-06,5e-06,3.3035673573635763e-09,0.0006607134714727152
18930.0,0.01996908967620672,2.413137233762207e-05,-3.4899979436258026e-13,3.4899978052845657e-13,-6.979995887251605e-11,6.979995610569132e-11,-3.4899979436258026e-13,3.4899978052845657e-13,4.998305222051438e-09,5.003303567358137e-06,5e-06,3.3035673581369173e-09,0.0006607134716273835
18960.0,0.019969047796407298,2.4173252135432857e-05,-3.489983285258157e-13,3.4899831508994164e-13,-6.979966570516314e-11,6.979966301798832e-11,-3.489983285258157e-13,3.4899831508994164e-13,4.998305223204976e-09,5.003303567358888e-06,5e-06,3.3035673588873885e-09,0.0006607134717774777
18990.0,0.019969005916783772,2.421513175739108e-05,-3.4899686270093717e-13,3.4899684965184933e-13,-6.979937254018744e-11,6.979936993036987e-11,-3.4899686270093717e-13,3.4899684965184933e-13,4.998305224325303e-09,5.003303567359616e-06,5e-06,3.303567359615837e-09,0.0006607134719231674
19020.0,0.019968964037336147,2.4257011203496804e-05,-3.489953968877802e-13,3.4899538421434474e-13,-6.979907937755604e-11,6.979907684286895e-11,-3.489953968877802e-13,3.4899538421434474e-13,4.9983052254133906e-09,5.003303567360324e-06,5e-06,3.3035673603239564e-09,0.0006607134720647913
19050.0,0.019968922158064412,2.4298890473750113e-05,-3.489939310861852e-13,3.4899391877758787e-13,-6.979878621723703e-11,6.979878375551757e-11,-3.489939310861852e-13,3.4899391877758787e-13,4.9983052264701436e-09,5.003303567361011e-06,5e-06,3.3035673610109e-09,0.00066071347220218
19080.0,0.01996888027896858,2.434076956815112e-05,-3.4899246529599565e-13,3.489924533417348e-13,-6.979849305919913e-11,6.979849066834696e-11,-3.4899246529599565e-13,3.489924533417348e-13,4.998305227496459e-09,5.003303567361679e-06,5e-06,3.303567361678362e-09,0.0006607134723356724
19110.0,0.019968838400048636,2.438264848669995e-05,-3.4899099951706216e-13,3.4899098790693613e-13,-6.979819990341244e-11,6.979819758138722e-11,-3.4899099951706216e-13,3.4899098790693613e-13,4.998305228493265e-09,5.003303567362327e-06,5e-06,3.3035673623263423e-09,0.0006607134724652685
19140.0,0.01996879652130459,2.4424527229396753e-05,-3.489895337492376e-13,3.4898952247333894e-13,-6.979790674984752e-11,6.979790449466778e-11,-3.489895337492376e-13,3.4898952247333894e-13,4.9983052294613585e-09,5.003303567362959e-06,5e-06,3.303567362958229e-09,0.0006607134725916458
19170.0,0.01996875464273643,2.446640579624168e-05,-3.4898806799238016e-13,3.4898805704108577e-13,-6.979761359847604e-11,6.979761140821715e-11,-3.4898806799238016e-13,3.4898805704108577e-13,4.9983052304015874e-09,5.003303567363569e-06,5e-06,3.3035673635689396e-09,0.0006607134727137879
19200.0,0.01996871276434416,2.450828418723492e-05,-3.489866022463466e-13,3.489865916103151e-13,-6.979732044926932e-11,6.979731832206301e-11,-3.489866022463466e-13,3.489865916103151e-13,4.998305231314749e-09,5.003303567364164e-06,5e-06,3.3035673641635568e-09,0.0006607134728327113
19230.0,0.019968670886127776,2.4550162402376656e-05,-3.4898513651100776e-13,3.4898512618116133e-13,-6.979702730220155e-11,6.979702523623226e-11,-3.4898513651100776e-13,3.4898512618116133e-13,4.998305232201616e-09,5.003303567364739e-06,5e-06,3.303567364738692e-09,0.0006607134729477384
19260.0,0.01996862900808728,2.4592040441667106e-05,-3.4898367078622906e-13,3.4898366075375517e-13,-6.979673415724582e-11,6.979673215075104e-11,-3.4898367078622906e-13,3.4898366075375517e-13,4.998305233062957e-09,5.0033035673653e-06,5e-06,3.303567365299428e-09,0.0006607134730598856
19290.0,0.01996858713022267,2.4633918305106493e-05,-3.4898220507188484e-13,3.489821953282236e-13,-6.979644101437697e-11,6.979643906564472e-11,-3.4898220507188484e-13,3.489821953282236e-13,4.998305233899487e-09,5.003303567365844e-06,5e-06,3.303567365843223e-09,0.0006607134731686446
19320.0,0.019968545252533942,2.4675795992695053e-05,-3.4898073936785603e-13,3.4898072990468945e-13,-6.97961478735712e-11,6.979614598093789e-11,-3.4898073936785603e-13,3.4898072990468945e-13,4.998305234711954e-09,5.003303567366371e-06,5e-06,3.3035673663709246e-09,0.0006607134732741849
19350.0,0.019968503375021103,2.4717673504433045e-05,-3.4897927367401577e-13,3.489792644832725e-13,-6.979585473480315e-11,6.979585289665451e-11,-3.4897927367401577e-13,3.489792644832725e-13,4.998305235501026e-09,5.0033035673668855e-06,5e-06,3.3035673668850736e-09,0.0006607134733770147
19380.0,0.01996846149768414,2.475955084032074e-05,-3.489778079902546e-13,3.4897779906408935e-13,-6.979556159805092e-11,6.979555981281787e-11,-3.489778079902546e-13,3.4897779906408935e-13,4.998305236267381e-09,5.003303567367382e-06,5e-06,3.303567367381435e-09,0.000660713473476287
19410.0,0.019968419620523065,2.4801428000358406e-05,-3.4897634231645445e-13,3.4897633364725216e-13,-6.979526846329089e-11,6.979526672945043e-11,-3.4897634231645445e-13,3.4897633364725216e-13,4.9983052370116746e-09,5.003303567367867e-06,5e-06,3.303567367866785e-09,0.0006607134735733569
19440.0,0.019968377743537866,2.484330498454635e-05,-3.4897487665251084e-13,3.489748682328712e-13,-6.979497533050217e-11,6.979497364657424e-11,-3.4897487665251084e-13,3.489748682328712e-13,4.9983052377345436e-09,5.003303567368337e-06,5e-06,3.303567368336888e-09,0.0006607134736673776
19470.0,0.019968335866728547,2.488518179288488e-05,-3.489734109983095e-13,3.489734028210525e-13,-6.97946821996619e-11,6.97946805642105e-11,-3.489734109983095e-13,3.489734028210525e-13,4.9983052384366065e-09,5.003303567368794e-06,5e-06,3.303567368793439e-09,0.0006607134737586877
19500.0,0.019968293990095105,2.4927058425374307e-05,-3.489719453537513e-13,3.4897193741189964e-13,-6.979438907075025e-11,6.979438748237993e-11,-3.489719453537513e-13,3.4897193741189964e-13,4.99830523911845e-09,5.0033035673692385e-06,5e-06,3.303567369238131e-09,0.0006607134738476262
19530.0,0.01996825211363754,2.4968934882014968e-05,-3.4897047971873955e-13,3.489704720055128e-13,-6.97940959437479e-11,6.979409440110255e-11,-3.4897047971873955e-13,3.489704720055128e-13,4.9983052397806625e-09,5.003303567369669e-06,5e-06,3.303567369668424e-09,0.0006607134739336848
19560.0,0.019968210237355847,2.5010811162807208e-05,-3.489690140931717e-13,3.489690066019899e-13,-6.979380281863433e-11,6.979380132039798e-11,-3.489690140931717e-13,3.489690066019899e-13,4.9983052404238186e-09,5.003303567370087e-06,5e-06,3.303567370086858e-09,0.0006607134740173716
19590.0,0.019968168361250028,2.505268726775138e-05,-3.4896754847695453e-13,3.4896754120142495e-13,-6.97935096953909e-11,6.979350824028499e-11,-3.4896754847695453e-13,3.4896754120142495e-13,4.998305241048464e-09,5.003303567370493e-06,5e-06,3.303567370492587e-09,0.0006607134740985173
19620.0,0.019968126485320082,2.509456319684785e-05,-3.4896608286999363e-13,3.489660758039107e-13,-6.979321657399873e-11,6.979321516078213e-11,-3.4896608286999363e-13,3.489660758039107e-13,4.998305241655115e-09,5.003303567370888e-06,5e-06,3.3035673708873043e-09,0.0006607134741774608
19650.0,0.01996808460956601,2.513643895009699e-05,-3.489646172722045e-13,3.4896461040953627e-13,-6.979292345444089e-11,6.979292208190725e-11,-3.489646172722045e-13,3.4896461040953627e-13,4.998305242244314e-09,5.003303567371271e-06,5e-06,3.3035673712710102e-09,0.000660713474254202
19680.0,0.01996804273398781,2.5178314527499198e-05,-3.489631516834994e-13,3.489631450183881e-13,-6.979263033669988e-11,6.979262900367762e-11,-3.489631516834994e-13,3.489631450183881e-13,4.998305242816549e-09,5.003303567371643e-06,5e-06,3.3035673716428577e-09,0.0006607134743285715
19710.0,0.019968000858585477,2.5220189929054867e-05,-3.489616861037892e-13,3.489616796305507e-13,-6.979233722075783e-11,6.979233592611014e-11,-3.489616861037892e-13,3.489616796305507e-13,4.998305243372303e-09,5.003303567372005e-06,5e-06,3.3035673720045408e-09,0.0006607134744009082
19740.0,0.019967958983359013,2.52620651547644e-05,-3.489602205329931e-13,3.4896021424610596e-13,-6.979204410659861e-11,6.979204284922119e-11,-3.489602205329931e-13,3.4896021424610596e-13,4.998305243912063e-09,5.0033035673723565e-06,5e-06,3.3035673723560594e-09,0.0006607134744712118
19770.0,0.019967917108308416,2.530394020462821e-05,-3.48958754971038e-13,3.4895874886513324e-13,-6.97917509942076e-11,6.979174977302664e-11,-3.48958754971038e-13,3.4895874886513324e-13,4.998305244436288e-09,5.003303567372698e-06,5e-06,3.3035673726974137e-09,0.0006607134745394827
19800.0,0.01996787523343369,2.5345815078646736e-05,-3.489572894178427e-13,3.489572834877099e-13,-6.979145788356854e-11,6.979145669754198e-11,-3.489572894178427e-13,3.489572834877099e-13,4.998305244945419e-09,5.003303567373029e-06,5e-06,3.3035673730286036e-09,0.0006607134746057207
19830.0,0.01996783335873482,2.53876897768204e-05,-3.4895582387332984e-13,3.4895581811391055e-13,-6.979116477466596e-11,6.97911636227821e-11,-3.4895582387332984e-13,3.4895581811391055e-13,4.99830524543989e-09,5.00330356737335e-06,5e-06,3.303567373349629e-09,0.0006607134746699258
19860.0,0.01996779148421182,2.5429564299149658e-05,-3.489543583374271e-13,3.489543527438083e-13,-6.979087166748542e-11,6.979087054876166e-11,-3.489543583374271e-13,3.489543527438083e-13,4.998305245920134e-09,5.003303567373663e-06,5e-06,3.3035673736621842e-09,0.0006607134747324368
19890.0,0.01996774960986468,2.5471438645634955e-05,-3.4895289281006695e-13,3.4895288737747397e-13,-6.979057856201339e-11,6.979057747549479e-11,-3.4895289281006695e-13,3.4895288737747397e-13,4.998305246386543e-09,5.003303567373966e-06,5e-06,3.303567373965422e-09,0.0006607134747930844
19920.0,0.0199677077356934,2.551331281627676e-05,-3.489514272911756e-13,3.489514220149757e-13,-6.979028545823512e-11,6.979028440299514e-11,-3.489514272911756e-13,3.489514220149757e-13,4.9983052468395315e-09,5.00330356737426e-06,5e-06,3.3035673742593425e-09,0.0006607134748518685
19950.0,0.019967665861697986,2.5555186811075522e-05,-3.4894996178069186e-13,3.489499566563807e-13,-6.978999235613837e-11,6.978999133127614e-11,-3.4894996178069186e-13,3.489499566563807e-13,4.998305247279484e-09,5.003303567374545e-06,5e-06,3.3035673745447926e-09,0.0006607134749089585
19980.0,0.019967623987878432,2.5597060630031732e-05,-3.4894849627854844e-13,3.489484913017537e-13,-6.978969925570969e-11,6.978969826035073e-11,-3.4894849627854844e-13,3.489484913017537e-13,4.998305247706761e-09,5.003303567374823e-06,5e-06,3.3035673748226194e-09,0.0006607134749645238
20010.0,0.01996758211423474,2.563893427314587e-05,-3.489470307846836e-13,3.489470259511573e-13,-6.978940615693672e-11,6.978940519023145e-11,-3.489470307846836e-13,3.489470259511573e-13,4.998305248121739e-09,5.003303567375093e-06,5e-06,3.303567375092823e-09,0.0006607134750185646
20040.0,0.019967540240766905,2.5680807740418434e-05,-3.4894556529903375e-13,3.489455606046529e-13,-6.978911305980675e-11,6.978911212093058e-11,-3.4894556529903375e-13,3.489455606046529e-13,4.998305248524773e-09,5.003303567375356e-06,5e-06,3.303567375355403e-09,0.0006607134750710806
20070.0,0.019967498367474926,2.5722681031849907e-05,-3.489440998215436e-13,3.4894409526229994e-13,-6.978881996430871e-11,6.978881905245998e-11,-3.489440998215436e-13,3.4894409526229994e-13,4.998305248916211e-09,5.00330356737561e-06,5e-06,3.303567375609513e-09,0.0006607134751219026
20100.0,0.019967456494358802,2.5764554147440804e-05,-3.4894263435214927e-13,3.489426299241556e-13,-6.978852687042986e-11,6.978852598483112e-11,-3.4894263435214927e-13,3.489426299241556e-13,4.998305249296366e-09,5.003303567375857e-06,5e-06,3.3035673758568466e-09,0.0006607134751713693
20130.0,0.019967414621418534,2.5806427087191638e-05,-3.489411688907997e-13,3.4894116459027616e-13,-6.978823377815994e-11,6.978823291805523e-11,-3.489411688907997e-13,3.4894116459027616e-13,4.998305249665591e-09,5.003303567376097e-06,5e-06,3.303567376096557e-09,0.0006607134752193113
20160.0,0.01996737274865412,2.5848299851102925e-05,-3.4893970343743583e-13,3.4893969926071586e-13,-6.978794068748716e-11,6.978793985214317e-11,-3.4893970343743583e-13,3.4893969926071586e-13,4.998305250024176e-09,5.003303567376329e-06,5e-06,3.303567376328644e-09,0.0006607134752657287
20190.0,0.019967330876065562,2.5890172439175187e-05,-3.4893823799201113e-13,3.489382339355276e-13,-6.978764759840222e-11,6.978764678710552e-11,-3.4893823799201113e-13,3.489382339355276e-13,4.9983052503724455e-09,5.003303567376558e-06,5e-06,3.303567376557343e-09,0.0006607134753114685
20220.0,0.01996728900365286,2.593204485140896e-05,-3.489367725544702e-13,3.489367686147627e-13,-6.978735451089404e-11,6.978735372295254e-11,-3.489367725544702e-13,3.489367686147627e-13,4.9983052507106995e-09,5.003303567376777e-06,5e-06,3.3035673767767244e-09,0.0006607134753553449
20250.0,0.019967247131416004,2.5973917087804776e-05,-3.4893530712476565e-13,3.489353032984707e-13,-6.978706142495313e-11,6.978706065969414e-11,-3.4893530712476565e-13,3.489353032984707e-13,4.998305251039206e-09,5.0033035673769914e-06,5e-06,3.3035673769910237e-09,0.0006607134753982047
20280.0,0.019967205259355,2.6015789148363176e-05,-3.489338417028456e-13,3.489338379867002e-13,-6.978676834056912e-11,6.978676759734004e-11,-3.489338417028456e-13,3.489338379867002e-13,4.998305251358254e-09,5.003303567377199e-06,5e-06,3.303567377198547e-09,0.0006607134754397094
20310.0,0.019967163387469847,2.6057661033084717e-05,-3.489323762886651e-13,3.4893237267949814e-13,-6.978647525773303e-11,6.978647453589963e-11,-3.489323762886651e-13,3.4893237267949814e-13,4.998305251668109e-09,5.003303567377401e-06,5e-06,3.3035673774009877e-09,0.0006607134754801975
20340.0,0.019967121515760543,2.6099532741969952e-05,-3.489309108821791e-13,3.4893090737690987e-13,-6.978618217643582e-11,6.978618147538198e-11,-3.489309108821791e-13,3.4893090737690987e-13,4.998305251969059e-09,5.003303567377596e-06,5e-06,3.3035673775958052e-09,0.000660713475519161
20370.0,0.019967079644227084,2.614140427501943e-05,-3.48929445483341e-13,3.4892944207898014e-13,-6.97858890966682e-11,6.978588841579603e-11,-3.48929445483341e-13,3.4892944207898014e-13,4.9983052522613315e-09,5.003303567377788e-06,5e-06,3.3035673777872347e-09,0.0006607134755574469
20400.0,0.019967037772869473,2.618327563223372e-05,-3.4892798009211037e-13,3.4892797678575173e-13,-6.978559601842208e-11,6.978559535715035e-11,-3.4892798009211037e-13,3.4892797678575173e-13,4.9983052525451926e-09,5.003303567377972e-06,5e-06,3.303567377971888e-09,0.0006607134755943775
20430.0,0.01996699590168771,2.622514681361339e-05,-3.489265147084431e-13,3.4892651149726637e-13,-6.978530294168862e-11,6.978530229945328e-11,-3.489265147084431e-13,3.4892651149726637e-13,4.998305252820881e-09,5.003303567378151e-06,5e-06,3.303567378150612e-09,0.0006607134756301224
20460.0,0.01996695403068179,2.626701781915902e-05,-3.4892504933230094e-13,3.489250462135647e-13,-6.978500986646018e-11,6.978500924271294e-11,-3.4892504933230094e-13,3.489250462135647e-13,4.998305253088649e-09,5.0033035673783255e-06,5e-06,3.3035673783251006e-09,0.0006607134756650201
20490.0,0.019966912159851715,2.630888864887118e-05,-3.4892358396364126e-13,3.489235809346861e-13,-6.978471679272825e-11,6.978471618693722e-11,-3.4892358396364126e-13,3.489235809346861e-13,4.998305253348697e-09,5.003303567378495e-06,5e-06,3.303567378494507e-09,0.0006607134756989014
20520.0,0.019966870289197483,2.6350759302750463e-05,-3.4892211860242904e-13,3.4892211566066903e-13,-6.978442372048581e-11,6.978442313213381e-11,-3.4892211860242904e-13,3.4892211566066903e-13,4.998305253601267e-09,5.003303567378659e-06,5e-06,3.3035673786588316e-09,0.0006607134757317663
20550.0,0.01996682841871909,2.639262978079745e-05,-3.489206532486261e-13,3.489206503915505e-13,-6.978413064972522e-11,6.978413007831009e-11,-3.489206532486261e-13,3.489206503915505e-13,4.998305253846551e-09,5.0033035673788185e-06,5e-06,3.3035673788180738e-09,0.0006607134757636148
20580.0,0.019966786548416538,2.6434500083012735e-05,-3.4891918790219353e-13,3.489191851273667e-13,-6.97838375804387e-11,6.978383702547334e-11,-3.4891918790219353e-13,3.489191851273667e-13,4.998305254084781e-09,5.003303567378973e-06,5e-06,3.3035673789722338e-09,0.0006607134757944468
20610.0,0.01996674467828983,2.647637020939691e-05,-3.489177225630988e-13,3.4891771986815264e-13,-6.978354451261976e-11,6.978354397363052e-11,-3.489177225630988e-13,3.4891771986815264e-13,4.998305254316154e-09,5.0033035673791226e-06,5e-06,3.3035673791221586e-09,0.0006607134758244317
20640.0,0.01996670280833896,2.6518240159950584e-05,-3.4891625723130763e-13,3.4891625461394227e-13,-6.978325144626152e-11,6.978325092278845e-11,-3.4891625723130763e-13,3.4891625461394227e-13,4.998305254540858e-09,5.003303567379269e-06,5e-06,3.3035673792686953e-09,0.0006607134758537391
20670.0,0.019966660938563932,2.6560109934674353e-05,-3.489147919067896e-13,3.489147893647689e-13,-6.978295838135791e-11,6.978295787295377e-11,-3.489147919067896e-13,3.489147893647689e-13,4.998305254759108e-09,5.00330356737941e-06,5e-06,3.3035673794093028e-09,0.0006607134758818606
20700.0,0.01996661906896474,2.6601979533568835e-05,-3.4891332658950704e-13,3.489133241206644e-13,-6.97826653179014e-11,6.978266482413288e-11,-3.4891332658950704e-13,3.489133241206644e-13,4.998305254971069e-09,5.0033035673795495e-06,5e-06,3.3035673795490632e-09,0.0006607134759098126
20730.0,0.01996657719954139,2.6643848956634635e-05,-3.4891186127943305e-13,3.4891185888165996e-13,-6.97823722558866e-11,6.9782371776332e-11,-3.4891186127943305e-13,3.4891185888165996e-13,4.9983052551769355e-09,5.003303567379683e-06,5e-06,3.3035673796828944e-09,0.0006607134759365788
20760.0,0.01996653533029387,2.6685718203872374e-05,-3.489103959765346e-13,3.4891039364778645e-13,-6.978207919530692e-11,6.978207872955729e-11,-3.489103959765346e-13,3.4891039364778645e-13,4.998305255376862e-09,5.003303567379812e-06,5e-06,3.3035673798116434e-09,0.0006607134759623286
20790.0,0.01996649346122219,2.672758727528266e-05,-3.489089306807787e-13,3.489089284190725e-13,-6.978178613615574e-11,6.97817856838145e-11,-3.489089306807787e-13,3.489089284190725e-13,4.9983052555710424e-09,5.003303567379939e-06,5e-06,3.3035673799386984e-09,0.0006607134759877396
20820.0,0.019966451592326344,2.6769456170866127e-05,-3.4890746539214717e-13,3.4890746319554714e-13,-6.978149307842943e-11,6.978149263910943e-11,-3.4890746539214717e-13,3.4890746319554714e-13,4.998305255759629e-09,5.003303567380063e-06,5e-06,3.303567380062365e-09,0.000660713476012473
20850.0,0.019966409723606332,2.6811324890623398e-05,-3.4890600011060394e-13,3.4890599797723804e-13,-6.978120002212079e-11,6.978119959544761e-11,-3.4890600011060394e-13,3.4890599797723804e-13,4.998305255942782e-09,5.003303567380182e-06,5e-06,3.303567380181797e-09,0.0006607134760363594
20880.0,0.01996636785506215,2.68531934345551e-05,-3.48904534836126e-13,3.4890453276417213e-13,-6.97809069672252e-11,6.978090655283442e-11,-3.48904534836126e-13,3.4890453276417213e-13,4.99830525612067e-09,5.0033035673802966e-06,5e-06,3.3035673802961463e-09,0.0006607134760592292
20910.0,0.0199663259866938,2.689506180266186e-05,-3.489030695686823e-13,3.489030675563756e-13,-6.978061391373646e-11,6.978061351127512e-11,-3.489030695686823e-13,3.489030675563756e-13,4.998305256293435e-09,5.003303567380409e-06,5e-06,3.3035673804088017e-09,0.0006607134760817603
20940.0,0.019966284118501286,2.6936929994944326e-05,-3.4890160430825054e-13,3.489016023538739e-13,-6.97803208616501e-11,6.978032047077478e-11,-3.4890160430825054e-13,3.489016023538739e-13,4.998305256461217e-09,5.003303567380519e-06,5e-06,3.303567380518916e-09,0.0006607134761037832
20970.0,0.019966242250484604,2.6978798011403128e-05,-3.489001390548095e-13,3.4890013715669136e-13,-6.97800278109619e-11,6.978002743133827e-11,-3.489001390548095e-13,3.4890013715669136e-13,4.998305256624181e-09,5.003303567380626e-06,5e-06,3.303567380625642e-09,0.0006607134761251284
21000.0,0.019966200382643746,2.7020665852038913e-05,-3.4889867380832834e-13,3.4889867196485254e-13,-6.977973476166566e-11,6.977973439297051e-11,-3.4889867380832834e-13,3.4889867196485254e-13,4.998305256782447e-09,5.003303567380729e-06,5e-06,3.30356738072898e-09,0.000660713476145796
21030.0,0.01996615851497872,2.706253351685232e-05,-3.4889720856878785e-13,3.4889720677838066e-13,-6.977944171375757e-11,6.977944135567613e-11,-3.4889720856878785e-13,3.4889720677838066e-13,4.998305256936167e-09,5.00330356738083e-06,5e-06,3.303567380829777e-09,0.0006607134761659554
21060.0,0.01996611664748952,2.7104401005843996e-05,-3.4889574333616496e-13,3.488957415972978e-13,-6.977914866723299e-11,6.977914831945956e-11,-3.4889574333616496e-13,3.488957415972978e-13,4.9983052570854554e-09,5.003303567380927e-06,5e-06,3.303567380926339e-09,0.0006607134761852677
21090.0,0.019966074780176146,2.7146268319014594e-05,-3.488942781104363e-13,3.4889427642162644e-13,-6.977885562208725e-11,6.977885528432529e-11,-3.488942781104363e-13,3.4889427642162644e-13,4.998305257230442e-09,5.003303567381021e-06,5e-06,3.3035673810203595e-09,0.0006607134762040719
21120.0,0.0199660329130386,2.718813545636476e-05,-3.488928128915819e-13,3.4889281125138773e-13,-6.977856257831639e-11,6.977856225027754e-11,-3.488928128915819e-13,3.4889281125138773e-13,4.9983052573712645e-09,5.003303567381113e-06,5e-06,3.303567381112686e-09,0.0006607134762225372
21150.0,0.019965991046076877,2.7230002417895154e-05,-3.4889134767958113e-13,3.4889134608660217e-13,-6.977826953591622e-11,6.977826921732044e-11,-3.4889134767958113e-13,3.4889134608660217e-13,4.9983052575080215e-09,5.003303567381201e-06,5e-06,3.3035673812007775e-09,0.0006607134762401554
21180.0,0.019965949179290975,2.7271869203606426e-05,-3.4888988247440974e-13,3.4888988092729033e-13,-6.977797649488194e-11,6.977797618545807e-11,-3.4888988247440974e-13,3.4888988092729033e-13,4.998305257640847e-09,5.003303567381287e-06,5e-06,3.303567381286328e-09,0.0006607134762572656
21210.0,0.019965907312680897,2.7313735813499243e-05,-3.4888841727605385e-13,3.4888841577347143e-13,-6.977768345521077e-11,6.977768315469428e-11,-3.4888841727605385e-13,3.4888841577347143e-13,4.9983052577698465e-09,5.00330356738137e-06,5e-06,3.303567381369337e-09,0.0006607134762738674
21240.0,0.019965865446246647,2.7355602247574264e-05,-3.488869520844907e-13,3.488869506251646e-13,-6.977739041689813e-11,6.977739012503292e-11,-3.488869520844907e-13,3.488869506251646e-13,4.9983052578951395e-09,5.00330356738145e-06,5e-06,3.303567381449805e-09,0.000660713476289961
21270.0,0.019965823579988218,2.7397468505832158e-05,-3.4888548689970574e-13,3.4888548548238816e-13,-6.977709737994114e-11,6.977709709647763e-11,-3.4888548689970574e-13,3.4888548548238816e-13,4.998305258016814e-09,5.003303567381529e-06,5e-06,3.3035673815285792e-09,0.0006607134763057158
21300.0,0.019965781713905607,2.7439334588273574e-05,-3.4888402172167884e-13,3.4888402034515997e-13,-6.977680434433577e-11,6.977680406903199e-11,-3.4888402172167884e-13,3.4888402034515997e-13,4.998305258134996e-09,5.003303567381605e-06,5e-06,3.303567381604812e-09,0.0006607134763209624
21330.0,0.019965739847998824,2.7481200494899193e-05,-3.4888255655038953e-13,3.488825552134976e-13,-6.97765113100779e-11,6.977651104269951e-11,-3.4888255655038953e-13,3.488825552134976e-13,4.99830525824977e-09,5.00330356738168e-06,5e-06,3.303567381679351e-09,0.0006607134763358702
21360.0,0.01996569798226786,2.7523066225709684e-05,-3.4888109138582537e-13,3.4888109008741777e-13,-6.977621827716507e-11,6.977621801748355e-11,-3.4888109138582537e-13,3.4888109008741777e-13,4.998305258361239e-09,5.0033035673817535e-06,5e-06,3.303567381753043e-09,0.0006607134763506085
21390.0,0.01996565611671271,2.756493178070572e-05,-3.4887962622796745e-13,3.48879624966937e-13,-6.977592524559349e-11,6.97759249933874e-11,-3.4887962622796745e-13,3.48879624966937e-13,4.998305258469515e-09,5.003303567381824e-06,5e-06,3.3035673818233467e-09,0.0006607134763646693
21420.0,0.019965614251333384,2.760679715988797e-05,-3.488781610767996e-13,3.4887815985207104e-13,-6.977563221535991e-11,6.977563197041421e-11,-3.488781610767996e-13,3.4887815985207104e-13,4.998305258574651e-09,5.003303567381892e-06,5e-06,3.3035673818919564e-09,0.0006607134763783912
21450.0,0.019965572386129872,2.764866236325711e-05,-3.4887669593230974e-13,3.4887669474283553e-13,-6.977533918646195e-11,6.97753389485671e-11,-3.4887669593230974e-13,3.4887669474283553e-13,4.998305258676766e-09,5.00330356738196e-06,5e-06,3.303567381959719e-09,0.0006607134763919437
21480.0,0.01996553052110218,2.7690527390813825e-05,-3.4887523079447783e-13,3.488752296392454e-13,-6.977504615889557e-11,6.977504592784908e-11,-3.4887523079447783e-13,3.488752296392454e-13,4.998305258775954e-09,5.0033035673820245e-06,5e-06,3.3035673820240935e-09,0.0006607134764048186
21510.0,0.0199654886562503,2.7732392242558784e-05,-3.488737656632936e-13,3.488737645413152e-13,-6.977475313265872e-11,6.977475290826304e-11,-3.488737656632936e-13,3.488737645413152e-13,4.998305258872275e-09,5.003303567382086e-06,5e-06,3.303567382085927e-09,0.0006607134764171854
21540.0,0.019965446791574238,2.7774256918492674e-05,-3.488723005387379e-13,3.48872299449059e-13,-6.977446010774758e-11,6.97744598898118e-11,-3.488723005387379e-13,3.48872299449059e-13,4.9983052589658305e-09,5.003303567382148e-06,5e-06,3.3035673821477603e-09,0.000660713476429552
21570.0,0.019965404927073986,2.7816121418616175e-05,-3.4887083542080134e-13,3.488708343624909e-13,-6.977416708416027e-11,6.977416687249818e-11,-3.4887083542080134e-13,3.488708343624909e-13,4.9983052590566856e-09,5.0033035673822075e-06,5e-06,3.3035673822070526e-09,0.0006607134764414105
21600.0,0.01996536306274955,2.785798574292997e-05,-3.4886937030946663e-13,3.4886936928162394e-13,-6.977387406189332e-11,6.977387385632478e-11,-3.4886937030946663e-13,3.4886936928162394e-13,4.9983052591449275e-09,5.003303567382264e-06,5e-06,3.303567382263804e-09,0.0006607134764527608
21630.0,0.01996532119860092,2.7899849891434747e-05,-3.488679052047283e-13,3.488679042064713e-13,-6.977358104094566e-11,6.977358084129426e-11,-3.488679052047283e-13,3.488679042064713e-13,4.99830525923063e-09,5.003303567382319e-06,5e-06,3.303567382318861e-09,0.0006607134764637721
21660.0,0.019965279334628105,2.794171386413119e-05,-3.4886644010656634e-13,3.488664391370452e-13,-6.977328802131327e-11,6.977328782740903e-11,-3.4886644010656634e-13,3.488664391370452e-13,4.998305259313866e-09,5.0033035673823735e-06,5e-06,3.303567382373071e-09,0.0006607134764746142
21690.0,0.019965237470831107,2.7983577661019994e-05,-3.488649750149688e-13,3.488649740733585e-13,-6.977299500299376e-11,6.97729948146717e-11,-3.488649750149688e-13,3.488649740733585e-13,4.998305259394716e-09,5.003303567382427e-06,5e-06,3.303567382426434e-09,0.0006607134764852868
21720.0,0.019965195607209912,2.8025441282101846e-05,-3.4886350992992747e-13,3.488635090154224e-13,-6.97727019859855e-11,6.977270180308448e-11,-3.4886350992992747e-13,3.488635090154224e-13,4.998305259473215e-09,5.003303567382477e-06,5e-06,3.303567382476409e-09,0.0006607134764952818
21750.0,0.01996515374376453,2.8067304727377437e-05,-3.4886204485142724e-13,3.4886204396324893e-13,-6.977240897028545e-11,6.977240879264978e-11,-3.4886204485142724e-13,3.4886204396324893e-13,4.9983052595494735e-09,5.003303567382526e-06,5e-06,3.303567382525537e-09,0.0006607134765051073
21780.0,0.01996511188049496,2.810916799684746e-05,-3.4886057977946197e-13,3.4886057891684906e-13,-6.977211595589239e-11,6.977211578336981e-11,-3.4886057977946197e-13,3.4886057891684906e-13,4.9983052596235285e-09,5.003303567382575e-06,5e-06,3.303567382574665e-09,0.0006607134765149329
21810.0,0.019965070017401193,2.8151031090512606e-05,-3.4885911471401533e-13,3.4885911387623384e-13,-6.977182294280307e-11,6.977182277524676e-11,-3.4885911471401533e-13,3.4885911387623384e-13,4.9983052596954485e-09,5.0033035673826225e-06,5e-06,3.3035673826220988e-09,0.0006607134765244197
21840.0,0.019965028154483234,2.8192894008373574e-05,-3.4885764965507886e-13,3.4885764884141374e-13,-6.977152993101577e-11,6.977152976828275e-11,-3.4885764965507886e-13,3.4885764884141374e-13,4.998305259765312e-09,5.003303567382667e-06,5e-06,3.3035673826669915e-09,0.0006607134765333983
21870.0,0.01996498629174108,2.8234756750431065e-05,-3.4885618460264174e-13,3.48856183812399e-13,-6.977123692052834e-11,6.97712367624798e-11,-3.4885618460264174e-13,3.48856183812399e-13,4.998305259833147e-09,5.003303567382711e-06,5e-06,3.30356738271019e-09,0.000660713476542038
21900.0,0.019964944429174732,2.827661931668577e-05,-3.488547195566922e-13,3.488547187891996e-13,-6.977094391133844e-11,6.977094375783993e-11,-3.488547195566922e-13,3.488547187891996e-13,4.998305259899042e-09,5.003303567382754e-06,5e-06,3.303567382753389e-09,0.0006607134765506778
21930.0,0.019964902566784192,2.831848170713839e-05,-3.488532545172254e-13,3.488532537718254e-13,-6.977065090344507e-11,6.977065075436508e-11,-3.488532545172254e-13,3.488532537718254e-13,4.998305259963027e-09,5.003303567382796e-06,5e-06,3.3035673827957405e-09,0.0006607134765591481
21960.0,0.019964860704569456,2.8360343921789627e-05,-3.4885178948422953e-13,3.488517887602854e-13,-6.977035789684591e-11,6.977035775205708e-11,-3.4885178948422953e-13,3.488517887602854e-13,4.998305260025186e-09,5.003303567382836e-06,5e-06,3.303567382835551e-09,0.0006607134765671102
21990.0,0.019964818842530523,2.8402205960640175e-05,-3.4885032445769285e-13,3.488503237545889e-13,-6.977006489153857e-11,6.977006475091778e-11,-3.4885032445769285e-13,3.488503237545889e-13,4.998305260085548e-09,5.003303567382877e-06,5e-06,3.3035673828762086e-09,0.0006607134765752417
22020.0,0.01996477698066739,2.8444067823690746e-05,-3.4884885943760836e-13,3.4884885875474507e-13,-6.976977188752167e-11,6.976977175094902e-11,-3.4884885943760836e-13,3.4884885875474507e-13,4.998305260144167e-09,5.003303567382915e-06,5e-06,3.303567382914325e-09,0.000660713476582865
22050.0,0.019964735118980056,2.8485929510942038e-05,-3.488473944239681e-13,3.4884739376076217e-13,-6.976947888479362e-11,6.976947875215243e-11,-3.488473944239681e-13,3.4884739376076217e-13,4.998305260201106e-09,5.00330356738295e-06,5e-06,3.3035673829499005e-09,0.0006607134765899801
22080.0,0.019964693257468524,2.8527791022394755e-05,-3.4884592941676253e-13,3.488459287726487e-13,-6.97691858833525e-11,6.976918575452974e-11,-3.4884592941676253e-13,3.488459287726487e-13,4.998305260256418e-09,5.003303567382986e-06,5e-06,3.303567382985476e-09,0.0006607134765970952
22110.0,0.019964651396132793,2.8569652358049606e-05,-3.488444644159851e-13,3.4884446379041277e-13,-6.976889288319703e-11,6.976889275808255e-11,-3.488444644159851e-13,3.4884446379041277e-13,4.998305260310106e-09,5.0033035673830215e-06,5e-06,3.3035673830210513e-09,0.0006607134766042103
22140.0,0.01996460953497287,2.8611513517907295e-05,-3.488429994216268e-13,3.488429988140622e-13,-6.976859988432536e-11,6.976859976281244e-11,-3.488429994216268e-13,3.488429988140622e-13,4.998305260362271e-09,5.003303567383056e-06,5e-06,3.3035673830557796e-09,0.0006607134766111559
22170.0,0.01996456767398874,2.865337450196853e-05,-3.4884153443368316e-13,3.488415338436047e-13,-6.976830688673663e-11,6.976830676872094e-11,-3.4884153443368316e-13,3.488415338436047e-13,4.998305260412921e-09,5.003303567383089e-06,5e-06,3.303567383088814e-09,0.0006607134766177628
22200.0,0.019964525813180405,2.8695235310234015e-05,-3.4884006945213856e-13,3.488400688790475e-13,-6.976801389042771e-11,6.97680137758095e-11,-3.4884006945213856e-13,3.488400688790475e-13,4.998305260462129e-09,5.003303567383121e-06,5e-06,3.303567383121001e-09,0.0006607134766242002
22230.0,0.01996448395254787,2.8737095942704464e-05,-3.488386044769937e-13,3.4883860392039823e-13,-6.976772089539874e-11,6.976772078407964e-11,-3.488386044769937e-13,3.4883860392039823e-13,4.9983052605099005e-09,5.003303567383154e-06,5e-06,3.3035673831531884e-09,0.0006607134766306377
22260.0,0.01996444209209113,2.8778956399380585e-05,-3.488371395082367e-13,3.4883713896766374e-13,-6.976742790164734e-11,6.976742779353274e-11,-3.488371395082367e-13,3.4883713896766374e-13,4.998305260556324e-09,5.003303567383184e-06,5e-06,3.3035673831836816e-09,0.0006607134766367363
22290.0,0.019964400231810186,2.8820816680263087e-05,-3.4883567454586263e-13,3.488356740208506e-13,-6.976713490917252e-11,6.976713480417011e-11,-3.4883567454586263e-13,3.488356740208506e-13,4.998305260601401e-09,5.003303567383214e-06,5e-06,3.3035673832133278e-09,0.0006607134766426655
22320.0,0.019964358371705033,2.8862676785352684e-05,-3.4883420958986607e-13,3.4883420907996576e-13,-6.976684191797321e-11,6.976684181599315e-11,-3.4883420958986607e-13,3.4883420907996576e-13,4.998305260645156e-09,5.003303567383242e-06,5e-06,3.30356738324128e-09,0.000660713476648256
22350.0,0.01996431651177568,2.8904536714650083e-05,-3.488327446402347e-13,3.4883274414501545e-13,-6.976654892804694e-11,6.976654882900309e-11,-3.488327446402347e-13,3.4883274414501545e-13,4.998305260687686e-09,5.003303567383271e-06,5e-06,3.303567383270926e-09,0.0006607134766541851
22380.0,0.019964274652022114,2.8946396468156e-05,-3.4883127969697347e-13,3.4883127921600596e-13,-6.976625593939469e-11,6.976625584320119e-11,-3.4883127969697347e-13,3.4883127921600596e-13,4.998305260728968e-09,5.003303567383296e-06,5e-06,3.30356738329549e-09,0.000660713476659098
22410.0,0.01996423279244434,2.8988256045871155e-05,-3.4882981476006386e-13,3.4882981429294324e-13,-6.976596295201277e-11,6.976596285858865e-11,-3.4882981476006386e-13,3.4882981429294324e-13,4.998305260769075e-09,5.003303567383323e-06,5e-06,3.303567383322595e-09,0.000660713476664519
22440.0,0.019964190933042362,2.9030115447796256e-05,-3.4882834982950714e-13,3.4882834937583336e-13,-6.976566996590142e-11,6.976566987516667e-11,-3.4882834982950714e-13,3.4882834937583336e-13,4.998305260808031e-09,5.003303567383348e-06,5e-06,3.303567383348006e-09,0.0006607134766696012
22470.0,0.019964149073816172,2.9071974673932018e-05,-3.488268849052972e-13,3.488268844646819e-13,-6.976537698105943e-11,6.976537689293638e-11,-3.488268849052972e-13,3.488268844646819e-13,4.9983052608458425e-09,5.003303567383371e-06,5e-06,3.303567383370876e-09,0.0006607134766741751
22500.0,0.019964107214765773,2.911383372427916e-05,-3.4882541998742693e-13,3.4882541955949455e-13,-6.976508399748538e-11,6.976508391189891e-11,-3.4882541998742693e-13,3.4882541955949455e-13,4.998305260882579e-09,5.003303567383396e-06,5e-06,3.30356738339544e-09,0.000660713476679088
22530.0,0.019964065355891163,2.915569259883839e-05,-3.488239550758907e-13,3.4882395466027653e-13,-6.976479101517814e-11,6.97647909320553e-11,-3.488239550758907e-13,3.4882395466027653e-13,4.998305260918263e-09,5.003303567383419e-06,5e-06,3.3035673834183097e-09,0.0006607134766836619
22560.0,0.019964023497192347,2.919755129761043e-05,-3.4882249017068225e-13,3.488224897670329e-13,-6.976449803413645e-11,6.976449795340658e-11,-3.4882249017068225e-13,3.488224897670329e-13,4.998305260952916e-09,5.0033035673834424e-06,5e-06,3.3035673834420266e-09,0.0006607134766884053
22590.0,0.019963981638669314,2.9239409820596003e-05,-3.4882102527180235e-13,3.488210248797694e-13,-6.976420505436047e-11,6.976420497595388e-11,-3.4882102527180235e-13,3.488210248797694e-13,4.998305260986568e-09,5.0033035673834645e-06,5e-06,3.3035673834640495e-09,0.0006607134766928098
22620.0,0.01996393978032207,2.928126816779582e-05,-3.4881956037923793e-13,3.4881955999849034e-13,-6.976391207584759e-11,6.976391199969806e-11,-3.4881956037923793e-13,3.4881955999849034e-13,4.9983052610192535e-09,5.0033035673834865e-06,5e-06,3.3035673834860724e-09,0.0006607134766972144
22650.0,0.01996389792215061,2.9323126339210605e-05,-3.488180954929876e-13,3.4881809512320063e-13,-6.976361909859753e-11,6.976361902464012e-11,-3.488180954929876e-13,3.4881809512320063e-13,4.998305261051002e-09,5.003303567383507e-06,5e-06,3.303567383506401e-09,0.0006607134767012802
22680.0,0.019963856064154937,2.936498433484108e-05,-3.4881663061304856e-13,3.4881663025390505e-13,-6.976332612260971e-11,6.976332605078101e-11,-3.4881663061304856e-13,3.4881663025390505e-13,4.998305261081837e-09,5.003303567383526e-06,5e-06,3.303567383525883e-09,0.0006607134767051766
22710.0,0.01996381420633505,2.940684215468795e-05,-3.488151657394135e-13,3.4881516539060815e-13,-6.97630331478827e-11,6.976303307812162e-11,-3.488151657394135e-13,3.4881516539060815e-13,4.998305261111773e-09,5.003303567383546e-06,5e-06,3.3035673835453647e-09,0.0006607134767090729
22740.0,0.019963772348690945,2.944869979875195e-05,-3.4881370087207977e-13,3.488137005333139e-13,-6.976274017441595e-11,6.976274010666279e-11,-3.4881370087207977e-13,3.488137005333139e-13,4.998305261140865e-09,5.003303567383565e-06,5e-06,3.3035673835648464e-09,0.0006607134767129693
22770.0,0.019963730491222624,2.9490557267033795e-05,-3.488122360110409e-13,3.488122356820272e-13,-6.976244720220818e-11,6.976244713640544e-11,-3.488122360110409e-13,3.488122356820272e-13,4.9983052611690956e-09,5.003303567383584e-06,5e-06,3.303567383583481e-09,0.0006607134767166962
22800.0,0.019963688633930086,2.9532414559534207e-05,-3.4881077115629576e-13,3.488107708367517e-13,-6.976215423125915e-11,6.976215416735034e-11,-3.4881077115629576e-13,3.488107708367517e-13,4.9983052611965414e-09,5.003303567383602e-06,5e-06,3.303567383601269e-09,0.0006607134767202537
22830.0,0.01996364677681333,2.9574271676253903e-05,-3.4880930630783737e-13,3.4880930599749167e-13,-6.976186126156747e-11,6.976186119949833e-11,-3.4880930630783737e-13,3.4880930599749167e-13,4.9983052612231725e-09,5.0033035673836195e-06,5e-06,3.3035673836190565e-09,0.0006607134767238113
22860.0,0.019963604919872355,2.9616128617193616e-05,-3.488078414656658e-13,3.488078411642508e-13,-6.976156829313315e-11,6.976156823285015e-11,-3.488078414656658e-13,3.488078411642508e-13,4.998305261249057e-09,5.0033035673836356e-06,5e-06,3.30356738363515e-09,0.00066071347672703
22890.0,0.019963563063107162,2.9657985382354062e-05,-3.488063766297704e-13,3.488063763370332e-13,-6.976127532595408e-11,6.976127526740664e-11,-3.488063766297704e-13,3.488063763370332e-13,4.998305261274174e-09,5.003303567383653e-06,5e-06,3.303567383652938e-09,0.0006607134767305876
22920.0,0.01996352120651775,2.9699841971735962e-05,-3.4880491180015395e-13,3.4880491151584207e-13,-6.976098236003079e-11,6.976098230316841e-11,-3.4880491180015395e-13,3.4880491151584207e-13,4.998305261298585e-09,5.00330356738367e-06,5e-06,3.3035673836698785e-09,0.0006607134767339757
22950.0,0.01996347935010411,2.9741698385340043e-05,-3.4880344697681184e-13,3.488034467006813e-13,-6.976068939536236e-11,6.976068934013626e-11,-3.4880344697681184e-13,3.488034467006813e-13,4.998305261322298e-09,5.0033035673836855e-06,5e-06,3.303567383685125e-09,0.000660713476737025
22980.0,0.019963437493866254,2.9783554623167026e-05,-3.488019821597339e-13,3.4880198189155437e-13,-6.976039643194678e-11,6.976039637831087e-11,-3.488019821597339e-13,3.4880198189155437e-13,4.99830526134531e-09,5.003303567383701e-06,5e-06,3.3035673837003717e-09,0.0006607134767400743
23010.0,0.01996339563780417,2.982541068521764e-05,-3.48800517348925e-13,3.488005170884646e-13,-6.9760103469785e-11,6.976010341769292e-11,-3.48800517348925e-13,3.488005170884646e-13,4.998305261367669e-09,5.003303567383714e-06,5e-06,3.3035673837139242e-09,0.0006607134767427848
23040.0,0.019963353781917863,2.986726657149261e-05,-3.487990525443797e-13,3.4879905229141525e-13,-6.975981050887594e-11,6.975981045828305e-11,-3.487990525443797e-13,3.4879905229141525e-13,4.9983052613893796e-09,5.003303567383728e-06,5e-06,3.3035673837274768e-09,0.0006607134767454954
23070.0,0.019963311926207334,2.990912228199266e-05,-3.487975877460908e-13,3.4879758750040936e-13,-6.975951754921816e-11,6.975951750008187e-11,-3.487975877460908e-13,3.4879758750040936e-13,4.998305261410481e-09,5.003303567383742e-06,5e-06,3.3035673837418763e-09,0.0006607134767483752
23100.0,0.01996327007067258,2.995097781671851e-05,-3.487961229540607e-13,3.4879612271545026e-13,-6.975922459081214e-11,6.975922454309005e-11,-3.487961229540607e-13,3.4879612271545026e-13,4.998305261430959e-09,5.003303567383756e-06,5e-06,3.303567383755429e-09,0.0006607134767510857
23130.0,0.019963228215313603,2.9992833175670895e-05,-3.4879465816828377e-13,3.487946579365407e-13,-6.975893163365675e-11,6.975893158730815e-11,-3.4879465816828377e-13,3.487946579365407e-13,4.9983052614508465e-09,5.003303567383769e-06,5e-06,3.3035673837689814e-09,0.0006607134767537962
23160.0,0.0199631863601304,3.003468835885054e-05,-3.4879319338875724e-13,3.4879319316368364e-13,-6.975863867775145e-11,6.975863863273673e-11,-3.4879319338875724e-13,3.4879319316368364e-13,4.9983052614701695e-09,5.003303567383782e-06,5e-06,3.303567383781687e-09,0.0006607134767563374
23190.0,0.019963144505122966,3.0076543366258165e-05,-3.4879172861547747e-13,3.487917283968821e-13,-6.975834572309549e-11,6.975834567937642e-11,-3.4879172861547747e-13,3.487917283968821e-13,4.99830526148894e-09,5.003303567383796e-06,5e-06,3.3035673837952394e-09,0.0006607134767590479
23220.0,0.019963102650291307,3.01183981978945e-05,-3.4879026384844245e-13,3.487902636361387e-13,-6.975805276968848e-11,6.975805272722774e-11,-3.4879026384844245e-13,3.487902636361387e-13,4.998305261507157e-09,5.0033035673838075e-06,5e-06,3.303567383807098e-09,0.0006607134767614196
23250.0,0.019963060795635413,3.0160252853760275e-05,-3.487887990876504e-13,3.4878879888145596e-13,-6.975775981753008e-11,6.975775977629119e-11,-3.487887990876504e-13,3.4878879888145596e-13,4.998305261524865e-09,5.0033035673838185e-06,5e-06,3.3035673838181093e-09,0.0006607134767636218
23280.0,0.01996301894115529,3.0202107333856213e-05,-3.48787334333094e-13,3.4878733413283656e-13,-6.97574668666188e-11,6.975746682656731e-11,-3.48787334333094e-13,3.4878733413283656e-13,4.998305261542043e-09,5.0033035673838295e-06,5e-06,3.3035673838291207e-09,0.0006607134767658241
23310.0,0.019962977086850946,3.0243961638183046e-05,-3.487858695847793e-13,3.487858693902829e-13,-6.975717391695586e-11,6.975717387805658e-11,-3.487858695847793e-13,3.487858693902829e-13,4.998305261558741e-09,5.0033035673838405e-06,5e-06,3.303567383840132e-09,0.0006607134767680264
23340.0,0.019962935232722367,3.02858157667415e-05,-3.487844048426951e-13,3.487844046537977e-13,-6.975688096853902e-11,6.975688093075954e-11,-3.487844048426951e-13,3.487844046537977e-13,4.998305261574962e-09,5.003303567383852e-06,5e-06,3.3035673838519906e-09,0.0006607134767703981
23370.0,0.019962893378769553,3.0327669719532306e-05,-3.4878294010684257e-13,3.4878293992338326e-13,-6.975658802136851e-11,6.975658798467666e-11,-3.4878294010684257e-13,3.4878293992338326e-13,4.998305261590717e-09,5.003303567383862e-06,5e-06,3.303567383861308e-09,0.0006607134767722616
23400.0,0.019962851524992508,3.036952349655619e-05,-3.4878147537722086e-13,3.4878147519904164e-13,-6.975629507544417e-11,6.975629503980833e-11,-3.4878147537722086e-13,3.4878147519904164e-13,4.998305261605995e-09,5.003303567383873e-06,5e-06,3.3035673838723194e-09,0.0006607134767744638
23430.0,0.019962809671391225,3.0411377097813883e-05,-3.487800106538249e-13,3.487800104807752e-13,-6.975600213076498e-11,6.975600209615503e-11,-3.487800106538249e-13,3.487800104807752e-13,4.998305261620863e-09,5.00330356738388e-06,5e-06,3.3035673838799427e-09,0.0006607134767759885
23460.0,0.019962767817965712,3.0453230523306113e-05,-3.487785459366546e-13,3.4877854576858603e-13,-6.975570918733092e-11,6.975570915371721e-11,-3.487785459366546e-13,3.4877854576858603e-13,4.998305261635285e-09,5.00330356738389e-06,5e-06,3.30356738388926e-09,0.000660713476777852
23490.0,0.019962725964715964,3.0495083773033614e-05,-3.487770812257088e-13,3.487770810624763e-13,-6.975541624514176e-11,6.975541621249526e-11,-3.487770812257088e-13,3.487770810624763e-13,4.998305261649295e-09,5.003303567383899e-06,5e-06,3.3035673838985774e-09,0.0006607134767797155
23520.0,0.01996268411164198,3.05369368469971e-05,-3.4877561652098236e-13,3.48775616362448e-13,-6.975512330419647e-11,6.97551232724896e-11,-3.4877561652098236e-13,3.48775616362448e-13,4.998305261662903e-09,5.003303567383907e-06,5e-06,3.3035673839062007e-09,0.0006607134767812401
23550.0,0.019962642258743758,3.057878974519732e-05,-3.487741518224729e-13,3.487741516685032e-13,-6.975483036449458e-11,6.975483033370064e-11,-3.487741518224729e-13,3.487741516685032e-13,4.998305261676122e-09,5.003303567383916e-06,5e-06,3.303567383915518e-09,0.0006607134767831036
23580.0,0.0199626004060213,3.062064246763499e-05,-3.4877268713018405e-13,3.4877268698064384e-13,-6.975453742603681e-11,6.975453739612876e-11,-3.4877268713018405e-13,3.4877268698064384e-13,4.9983052616889554e-09,5.003303567383923e-06,5e-06,3.3035673839222943e-09,0.0006607134767844589
23610.0,0.019962558553474608,3.066249501431086e-05,-3.487712224441068e-13,3.487712222988718e-13,-6.975424448882136e-11,6.975424445977436e-11,-3.487712224441068e-13,3.487712222988718e-13,4.998305261701415e-09,5.00330356738393e-06,5e-06,3.3035673839299176e-09,0.0006607134767859835
23640.0,0.019962516701103678,3.070434738522565e-05,-3.487697577642438e-13,3.487697576231886e-13,-6.975395155284876e-11,6.975395152463772e-11,-3.487697577642438e-13,3.487697576231886e-13,4.998305261713522e-09,5.00330356738394e-06,5e-06,3.303567383939235e-09,0.000660713476787847
23670.0,0.019962474848908514,3.0746199580380075e-05,-3.487682930905935e-13,3.4876829295359633e-13,-6.97536586181187e-11,6.975365859071927e-11,-3.487682930905935e-13,3.4876829295359633e-13,4.998305261725286e-09,5.003303567383949e-06,5e-06,3.3035673839485524e-09,0.0006607134767897104
23700.0,0.019962432996889105,3.0788051599774886e-05,-3.4876682842315193e-13,3.487668282900966e-13,-6.975336568463038e-11,6.975336565801932e-11,-3.4876682842315193e-13,3.487668282900966e-13,4.998305261736705e-09,5.003303567383957e-06,5e-06,3.3035673839561756e-09,0.0006607134767912351
23730.0,0.01996239114504545,3.082990344341081e-05,-3.48765363761916e-13,3.487653636326909e-13,-6.97530727523832e-11,6.975307272653818e-11,-3.48765363761916e-13,3.487653636326909e-13,4.998305261747802e-09,5.0033035673839625e-06,5e-06,3.303567383962105e-09,0.0006607134767924209
23760.0,0.01996234929337756,3.087175511128857e-05,-3.4876389910688803e-13,3.487638989813812e-13,-6.97527798213776e-11,6.975277979627624e-11,-3.4876389910688803e-13,3.487638989813812e-13,4.998305261758577e-09,5.003303567383971e-06,5e-06,3.3035673839705752e-09,0.000660713476794115
23790.0,0.019962307441885426,3.091360660340891e-05,-3.4876243445806234e-13,3.487624343361686e-13,-6.975248689161247e-11,6.975248686723372e-11,-3.4876243445806234e-13,3.487624343361686e-13,4.998305261769036e-09,5.003303567383978e-06,5e-06,3.3035673839773515e-09,0.0006607134767954702
23820.0,0.01996226559056905,3.095545791977255e-05,-3.487609698154399e-13,3.487609696970551e-13,-6.975219396308797e-11,6.975219393941102e-11,-3.487609698154399e-13,3.487609696970551e-13,4.998305261779189e-09,5.003303567383984e-06,5e-06,3.3035673839832807e-09,0.0006607134767966561
23850.0,0.019962223739428426,3.0997309060380236e-05,-3.4875950517902097e-13,3.487595050640416e-13,-6.975190103580419e-11,6.975190101280832e-11,-3.4875950517902097e-13,3.487595050640416e-13,4.998305261789062e-09,5.0033035673839905e-06,5e-06,3.303567383990057e-09,0.0006607134767980114
23880.0,0.01996218188846356,3.103916002523269e-05,-3.487580405488002e-13,3.4875804043713014e-13,-6.975160810976003e-11,6.975160808742603e-11,-3.487580405488002e-13,3.4875804043713014e-13,4.9983052617986445e-09,5.003303567383996e-06,5e-06,3.303567383995986e-09,0.0006607134767991972
23910.0,0.01996214003767445,3.108101081433064e-05,-3.487565759247765e-13,3.4875657581632166e-13,-6.975131518495529e-11,6.975131516326433e-11,-3.487565759247765e-13,3.4875657581632166e-13,4.9983052618079445e-09,5.003303567384003e-06,5e-06,3.3035673840027625e-09,0.0006607134768005524
23940.0,0.019962098187061093,3.1122861427674836e-05,-3.487551113069529e-13,3.487551112016176e-13,-6.975102226139057e-11,6.975102224032352e-11,-3.487551113069529e-13,3.487551112016176e-13,4.998305261816996e-09,5.00330356738401e-06,5e-06,3.3035673840095387e-09,0.0006607134768019077
23970.0,0.019962056336623492,3.1164711865266e-05,-3.4875364669532307e-13,3.487536465930195e-13,-6.975072933906461e-11,6.97507293186039e-11,-3.4875364669532307e-13,3.487536465930195e-13,4.998305261825773e-09,5.003303567384015e-06,5e-06,3.303567384014621e-09,0.0006607134768029241
24000.0,0.019962014486361642,3.1206562127104866e-05,-3.4875218208988953e-13,3.487521819905284e-13,-6.97504364179779e-11,6.975043639810568e-11,-3.4875218208988953e-13,3.487521819905284e-13,4.998305261834304e-09,5.003303567384021e-06,5e-06,3.30356738402055e-09,0.00066071347680411
24030.0,0.019961972636275544,3.124841221319216e-05,-3.4875071749064697e-13,3.4875071739414547e-13,-6.97501434981294e-11,6.975014347882909e-11,-3.4875071749064697e-13,3.4875071739414547e-13,4.998305261842577e-09,5.003303567384027e-06,5e-06,3.3035673840264794e-09,0.0006607134768052958
24060.0,0.019961930786365194,3.129026212352862e-05,-3.487492528975951e-13,3.487492528038721e-13,-6.974985057951901e-11,6.974985056077441e-11,-3.487492528975951e-13,3.487492528038721e-13,4.998305261850625e-09,5.003303567384032e-06,5e-06,3.3035673840315616e-09,0.0006607134768063123
24090.0,0.0199618889366306,3.133211185811498e-05,-3.487477883107356e-13,3.487477882197092e-13,-6.974955766214712e-11,6.974955764394185e-11,-3.487477883107356e-13,3.487477882197092e-13,4.998305261858443e-09,5.003303567384038e-06,5e-06,3.303567384037491e-09,0.0006607134768074982
24120.0,0.019961847087071754,3.1373961416951977e-05,-3.487463237300658e-13,3.4874632364165836e-13,-6.974926474601316e-11,6.974926472833167e-11,-3.487463237300658e-13,3.4874632364165836e-13,4.9983052618660225e-09,5.003303567384043e-06,5e-06,3.303567384042573e-09,0.0006607134768085146
24150.0,0.019961805237688653,3.141581080004035e-05,-3.487448591555839e-13,3.487448590697201e-13,-6.974897183111678e-11,6.974897181394402e-11,-3.487448591555839e-13,3.487448590697201e-13,4.9983052618733886e-09,5.003303567384046e-06,5e-06,3.303567384045961e-09,0.0006607134768091922
24180.0,0.0199617633884813,3.145766000738082e-05,-3.487433945872879e-13,3.487433945038959e-13,-6.974867891745758e-11,6.974867890077918e-11,-3.487433945872879e-13,3.487433945038959e-13,4.99830526188056e-09,5.0033035673840515e-06,5e-06,3.3035673840510433e-09,0.0006607134768102087
24210.0,0.019961721539449695,3.149950903897413e-05,-3.487419300251783e-13,3.4874192994418675e-13,-6.974838600503566e-11,6.974838598883734e-11,-3.487419300251783e-13,3.4874192994418675e-13,4.998305261887501e-09,5.003303567384055e-06,5e-06,3.3035673840544315e-09,0.0006607134768108863
24240.0,0.019961679690593842,3.1541357894821e-05,-3.487404654692553e-13,3.487404653905933e-13,-6.974809309385106e-11,6.974809307811866e-11,-3.487404654692553e-13,3.487404653905933e-13,4.99830526189425e-09,5.00330356738406e-06,5e-06,3.3035673840595137e-09,0.0006607134768119027
24270.0,0.019961637841913727,3.158320657492218e-05,-3.4873900091951603e-13,3.4873900084311683e-13,-6.97478001839032e-11,6.974780016862337e-11,-3.4873900091951603e-13,3.4873900084311683e-13,4.99830526190081e-09,5.003303567384063e-06,5e-06,3.303567384062902e-09,0.0006607134768125804
24300.0,0.019961595993409367,3.162505507927839e-05,-3.487375363759585e-13,3.4873753630175833e-13,-6.97475072751917e-11,6.974750726035167e-11,-3.487375363759585e-13,3.4873753630175833e-13,4.998305261907178e-09,5.003303567384068e-06,5e-06,3.303567384067984e-09,0.0006607134768135968
24330.0,0.019961554145080745,3.166690340789037e-05,-3.487360718385849e-13,3.487360717665185e-13,-6.974721436771698e-11,6.97472143533037e-11,-3.487360718385849e-13,3.487360717665185e-13,4.9983052619133646e-09,5.003303567384073e-06,5e-06,3.303567384072219e-09,0.0006607134768144438
24360.0,0.01996151229692787,3.170875156075887e-05,-3.4873460730738977e-13,3.487346072373984e-13,-6.974692146147795e-11,6.974692144747968e-11,-3.4873460730738977e-13,3.487346072373984e-13,4.998305261919374e-09,5.003303567384077e-06,5e-06,3.3035673840764543e-09,0.0006607134768152909
24390.0,0.019961470448950736,3.1750599537884595e-05,-3.4873314278237753e-13,3.487331427143986e-13,-6.97466285564755e-11,6.974662854287972e-11,-3.4873314278237753e-13,3.487331427143986e-13,4.998305261925198e-09,5.00330356738408e-06,5e-06,3.3035673840798425e-09,0.0006607134768159685
24420.0,0.019961428601149342,3.17924473392683e-05,-3.48731678263544e-13,3.487316781975204e-13,-6.97463356527088e-11,6.974633563950407e-11,-3.48731678263544e-13,3.487316781975204e-13,4.998305261930865e-09,5.003303567384084e-06,5e-06,3.3035673840832306e-09,0.0006607134768166461
24450.0,0.019961386753523692,3.1834294964910705e-05,-3.4873021375088474e-13,3.4873021368676405e-13,-6.974604275017694e-11,6.974604273735281e-11,-3.4873021375088474e-13,3.4873021368676405e-13,4.998305261936366e-09,5.003303567384087e-06,5e-06,3.3035673840866187e-09,0.0006607134768173237
24480.0,0.019961344906073784,3.1876142414812566e-05,-3.487287492444081e-13,3.4872874918213083e-13,-6.974574984888162e-11,6.974574983642617e-11,-3.487287492444081e-13,3.4872874918213083e-13,4.998305261941707e-09,5.003303567384091e-06,5e-06,3.303567384090854e-09,0.0006607134768181707
24510.0,0.019961303058799618,3.19179896889746e-05,-3.4872728474410766e-13,3.4872728468362134e-13,-6.974545694882153e-11,6.974545693672426e-11,-3.4872728474410766e-13,3.4872728468362134e-13,4.9983052619469076e-09,5.003303567384095e-06,5e-06,3.303567384094242e-09,0.0006607134768188483
24540.0,0.01996126121170119,3.195983678739754e-05,-3.4872582024998403e-13,3.487258201912363e-13,-6.97451640499968e-11,6.974516403824726e-11,-3.4872582024998403e-13,3.487258201912363e-13,4.998305261951946e-09,5.003303567384098e-06,5e-06,3.30356738409763e-09,0.000660713476819526
24570.0,0.019961219364778498,3.2001683710082135e-05,-3.487243557620316e-13,3.487243557049762e-13,-6.974487115240632e-11,6.974487114099525e-11,-3.487243557620316e-13,3.487243557049762e-13,4.998305261956844e-09,5.003303567384102e-06,5e-06,3.3035673841018653e-09,0.0006607134768203731
24600.0,0.01996117751803154,3.2043530457029117e-05,-3.487228912802585e-13,3.48722891224842e-13,-6.97445782560517e-11,6.97445782449684e-11,-3.487228912802585e-13,3.48722891224842e-13,4.998305261961588e-09,5.003303567384105e-06,5e-06,3.3035673841044064e-09,0.0006607134768208812
24630.0,0.01996113567146033,3.2085377028239225e-05,-3.4872142680465684e-13,3.487214267508343e-13,-6.974428536093136e-11,6.974428535016686e-11,-3.4872142680465684e-13,3.487214267508343e-13,4.998305261966213e-09,5.003303567384109e-06,5e-06,3.3035673841086416e-09,0.0006607134768217283
24660.0,0.01996109382506485,3.212722342371318e-05,-3.4871996233522756e-13,3.4871996228295393e-13,-6.974399246704551e-11,6.974399245659079e-11,-3.4871996233522756e-13,3.4871996228295393e-13,4.998305261970688e-09,5.003303567384111e-06,5e-06,3.3035673841103356e-09,0.0006607134768220671
24690.0,0.019961051978845103,3.216906964345172e-05,-3.4871849787196983e-13,3.487184978212011e-13,-6.974369957439396e-11,6.974369956424022e-11,-3.4871849787196983e-13,3.487184978212011e-13,4.998305261975057e-09,5.003303567384113e-06,5e-06,3.3035673841128767e-09,0.0006607134768225753
24720.0,0.01996101013280109,3.2210915687455594e-05,-3.4871703341488404e-13,3.4871703336557687e-13,-6.97434066829768e-11,6.974340667311538e-11,-3.4871703341488404e-13,3.4871703336557687e-13,4.998305261979282e-09,5.003303567384115e-06,5e-06,3.303567384114571e-09,0.0006607134768229141
24750.0,0.019960968286932817,3.225276155572552e-05,-3.48715568963969e-13,3.4871556891608177e-13,-6.97431137927938e-11,6.974311378321635e-11,-3.48715568963969e-13,3.4871556891608177e-13,4.998305261983394e-09,5.003303567384119e-06,5e-06,3.303567384118806e-09,0.0006607134768237612
24780.0,0.019960926441240277,3.229460724826224e-05,-3.4871410451922855e-13,3.487141044727162e-13,-6.974282090384571e-11,6.974282089454324e-11,-3.4871410451922855e-13,3.487141044727162e-13,4.998305261987368e-09,5.003303567384123e-06,5e-06,3.303567384122194e-09,0.0006607134768244388
24810.0,0.019960884595723465,3.23364527650665e-05,-3.487126400806544e-13,3.487126400354808e-13,-6.974252801613088e-11,6.974252800709616e-11,-3.487126400806544e-13,3.487126400354808e-13,4.99830526199125e-09,5.003303567384124e-06,5e-06,3.303567384123888e-09,0.0006607134768247776
24840.0,0.019960842750382388,3.237829810613902e-05,-3.48711175648251e-13,3.4871117560437596e-13,-6.97422351296502e-11,6.974223512087519e-11,-3.48711175648251e-13,3.4871117560437596e-13,4.998305261995012e-09,5.003303567384127e-06,5e-06,3.3035673841264293e-09,0.0006607134768252858
24870.0,0.019960800905217038,3.242014327148055e-05,-3.4870971122201547e-13,3.4870971117940254e-13,-6.97419422444031e-11,6.974194223588051e-11,-3.4870971122201547e-13,3.4870971117940254e-13,4.99830526199867e-09,5.003303567384128e-06,5e-06,3.3035673841272763e-09,0.0006607134768254553
24900.0,0.01996075906022742,3.24619882610918e-05,-3.4870824680194616e-13,3.4870824676056073e-13,-6.974164936038923e-11,6.974164935211215e-11,-3.4870824680194616e-13,3.4870824676056073e-13,4.998305262002223e-09,5.00330356738413e-06,5e-06,3.3035673841298174e-09,0.0006607134768259634
24930.0,0.01996071721541353,3.2503833074973545e-05,-3.487067823880475e-13,3.4870678234785113e-13,-6.97413564776095e-11,6.974135646957022e-11,-3.487067823880475e-13,3.4870678234785113e-13,4.998305262005673e-09,5.003303567384132e-06,5e-06,3.3035673841315115e-09,0.0006607134768263022
24960.0,0.019960675370775373,3.25456777131265e-05,-3.487053179803159e-13,3.4870531794127425e-13,-6.974106359606318e-11,6.974106358825485e-11,-3.487053179803159e-13,3.4870531794127425e-13,4.99830526200902e-09,5.0033035673841345e-06,5e-06,3.3035673841340526e-09,0.0006607134768268105
24990.0,0.019960633526312943,3.25875221755514e-05,-3.4870385357874655e-13,3.487038535408306e-13,-6.97407707157493e-11,6.974077070816611e-11,-3.4870385357874655e-13,3.487038535408306e-13,4.998305262012274e-09,5.003303567384136e-06,5e-06,3.3035673841357466e-09,0.0006607134768271493
25020.0,0.01996059168202624,3.262936646224898e-05,-3.4870238918334676e-13,3.487023891465206e-13,-6.974047783666935e-11,6.974047782930412e-11,-3.4870238918334676e-13,3.487023891465206e-13,4.998305262015424e-09,5.003303567384138e-06,5e-06,3.3035673841374407e-09,0.0006607134768274881
25050.0,0.019960549837915266,3.267121057321999e-05,-3.4870092479411205e-13,3.4870092475834456e-13,-6.974018495882241e-11,6.974018495166892e-11,-3.4870092479411205e-13,3.4870092475834456e-13,4.998305262018497e-09,5.0033035673841395e-06,5e-06,3.3035673841391348e-09,0.000660713476827827
25080.0,0.019960507993980015,3.271305450846515e-05,-3.486994604110426e-13,3.4869946037630325e-13,-6.973989208220852e-11,6.973989207526065e-11,-3.486994604110426e-13,3.4869946037630325e-13,4.998305262021471e-09,5.003303567384141e-06,5e-06,3.303567384140829e-09,0.0006607134768281658
25110.0,0.01996046615022049,3.27548982679852e-05,-3.4869799603413524e-13,3.486979960003968e-13,-6.973959920682704e-11,6.973959920007936e-11,-3.4869799603413524e-13,3.486979960003968e-13,4.99830526202438e-09,5.003303567384144e-06,5e-06,3.30356738414337e-09,0.0006607134768286739
25140.0,0.019960424306636693,3.2796741851780875e-05,-3.4869653166339556e-13,3.486965316306257e-13,-6.973930633267911e-11,6.973930632612514e-11,-3.4869653166339556e-13,3.486965316306257e-13,4.998305262027182e-09,5.0033035673841455e-06,5e-06,3.303567384145064e-09,0.0006607134768290127
25170.0,0.019960382463228614,3.2838585259852917e-05,-3.4869506729881834e-13,3.486950672669903e-13,-6.973901345976367e-11,6.973901345339806e-11,-3.4869506729881834e-13,3.486950672669903e-13,4.998305262029913e-09,5.003303567384146e-06,5e-06,3.303567384145911e-09,0.0006607134768291822
25200.0,0.01996034061999626,3.288042849220206e-05,-3.4869360294040247e-13,3.4869360290949084e-13,-6.97387205880805e-11,6.973872058189816e-11,-3.4869360294040247e-13,3.4869360290949084e-13,4.998305262032563e-09,5.003303567384148e-06,5e-06,3.303567384147605e-09,0.000660713476829521
25230.0,0.01996029877693963,3.292227154882903e-05,-3.4869213858815026e-13,3.48692138558128e-13,-6.973842771763005e-11,6.97384277116256e-11,-3.4869213858815026e-13,3.48692138558128e-13,4.998305262035135e-09,5.00330356738415e-06,5e-06,3.303567384149299e-09,0.0006607134768298598
25260.0,0.01996025693405872,3.296411442973458e-05,-3.486906742420618e-13,3.486906742129022e-13,-6.973813484841237e-11,6.973813484258043e-11,-3.486906742420618e-13,3.486906742129022e-13,4.998305262037636e-09,5.0033035673841506e-06,5e-06,3.303567384150146e-09,0.0006607134768300292
25290.0,0.019960215091353532,3.300595713491944e-05,-3.4868920990213483e-13,3.4868920987381283e-13,-6.973784198042696e-11,6.973784197476257e-11,-3.4868920990213483e-13,3.4868920987381283e-13,4.99830526204006e-09,5.003303567384153e-06,5e-06,3.3035673841526873e-09,0.0006607134768305375
25320.0,0.019960173248824063,3.304779966438434e-05,-3.4868774556836847e-13,3.486877455408616e-13,-6.973754911367369e-11,6.973754910817232e-11,-3.4868774556836847e-13,3.486877455408616e-13,4.998305262042427e-09,5.003303567384155e-06,5e-06,3.3035673841543814e-09,0.0006607134768308763
25350.0,0.019960131406470315,3.3089642018130026e-05,-3.486862812407644e-13,3.48686281214048e-13,-6.973725624815288e-11,6.97372562428096e-11,-3.486862812407644e-13,3.48686281214048e-13,4.998305262044715e-09,5.0033035673841565e-06,5e-06,3.3035673841560754e-09,0.0006607134768312151
25380.0,0.019960089564292287,3.3131484196157234e-05,-3.486848169193204e-13,3.4868481689337246e-13,-6.973696338386408e-11,6.973696337867449e-11,-3.486848169193204e-13,3.4868481689337246e-13,4.998305262046929e-09,5.003303567384158e-06,5e-06,3.3035673841577695e-09,0.0006607134768315539
25410.0,0.019960047722289972,3.31733261984667e-05,-3.4868335260403843e-13,3.4868335257883507e-13,-6.973667052080769e-11,6.973667051576702e-11,-3.4868335260403843e-13,3.4868335257883507e-13,4.998305262049099e-09,5.003303567384159e-06,5e-06,3.3035673841586165e-09,0.0006607134768317233
25440.0,0.01996000588046338,3.321516802505915e-05,-3.4868188829491457e-13,3.486818882704368e-13,-6.973637765898291e-11,6.973637765408736e-11,-3.4868188829491457e-13,3.486818882704368e-13,4.9983052620512e-09,5.00330356738416e-06,5e-06,3.3035673841594636e-09,0.0006607134768318927
25470.0,0.0199599640388125,3.3257009675935336e-05,-3.4868042399195125e-13,3.486804239681774e-13,-6.973608479839025e-11,6.973608479363548e-11,-3.4868042399195125e-13,3.486804239681774e-13,4.998305262053236e-09,5.003303567384162e-06,5e-06,3.3035673841620047e-09,0.0006607134768324009
25500.0,0.019959922197337335,3.329885115109599e-05,-3.4867895969514837e-13,3.4867895967205724e-13,-6.973579193902968e-11,6.973579193441145e-11,-3.4867895969514837e-13,3.4867895967205724e-13,4.998305262055212e-09,5.003303567384163e-06,5e-06,3.3035673841628517e-09,0.0006607134768325703
25530.0,0.01995988035603789,3.3340692450541835e-05,-3.486774954045044e-13,3.486774953820766e-13,-6.973549908090088e-11,6.973549907641531e-11,-3.486774954045044e-13,3.486774953820766e-13,4.998305262057141e-09,5.003303567384164e-06,5e-06,3.3035673841636987e-09,0.0006607134768327397
25560.0,0.019959838514914157,3.338253357427362e-05,-3.486760311200183e-13,3.4867603109823565e-13,-6.973520622400366e-11,6.973520621964713e-11,-3.486760311200183e-13,3.4867603109823565e-13,4.998305262059003e-09,5.003303567384167e-06,5e-06,3.30356738416624e-09,0.000660713476833248
25590.0,0.019959796673966138,3.342437452229208e-05,-3.4867456684169315e-13,3.4867456682053486e-13,-6.973491336833863e-11,6.973491336410697e-11,-3.4867456684169315e-13,3.4867456682053486e-13,4.998305262060824e-09,5.003303567384169e-06,5e-06,3.303567384168781e-09,0.0006607134768337561
25620.0,0.019959754833193833,3.346621529459796e-05,-3.4867310256952307e-13,3.486731025489744e-13,-6.973462051390461e-11,6.973462050979488e-11,-3.4867310256952307e-13,3.486731025489744e-13,4.9983052620625755e-09,5.003303567384171e-06,5e-06,3.303567384170475e-09,0.0006607134768340949
25650.0,0.019959712992597238,3.350805589119198e-05,-3.486716383035132e-13,3.4867163828355436e-13,-6.973432766070264e-11,6.973432765671087e-11,-3.486716383035132e-13,3.4867163828355436e-13,4.9983052620642845e-09,5.003303567384172e-06,5e-06,3.303567384171322e-09,0.0006607134768342644
25680.0,0.019959671152176353,3.35498963120749e-05,-3.4867017404366205e-13,3.486701740242751e-13,-6.973403480873241e-11,6.973403480485502e-11,-3.4867017404366205e-13,3.486701740242751e-13,4.9983052620659455e-09,5.003303567384173e-06,5e-06,3.303567384172169e-09,0.0006607134768344338
25710.0,0.01995962931193118,3.3591736557247435e-05,-3.486687097899649e-13,3.486687097711369e-13,-6.973374195799298e-11,6.973374195422738e-11,-3.486687097899649e-13,3.486687097711369e-13,4.9983052620675676e-09,5.003303567384174e-06,5e-06,3.303567384173863e-09,0.0006607134768347726
25740.0,0.019959587471861714,3.363357662671033e-05,-3.4866724554242914e-13,3.4866724552413984e-13,-6.973344910848583e-11,6.973344910482796e-11,-3.4866724554242914e-13,3.4866724552413984e-13,4.9983052620691285e-09,5.003303567384176e-06,5e-06,3.303567384175557e-09,0.0006607134768351114
25770.0,0.01995954563196796,3.367541652046433e-05,-3.486657813010466e-13,3.486657812832841e-13,-6.973315626020932e-11,6.973315625665681e-11,-3.486657813010466e-13,3.486657812832841e-13,4.998305262070645e-09,5.003303567384176e-06,5e-06,3.303567384175557e-09,0.0006607134768351114
25800.0,0.01995950379224991,3.3717256238510156e-05,-3.4866431706582223e-13,3.4866431704856977e-13,-6.973286341316444e-11,6.973286340971395e-11,-3.4866431706582223e-13,3.4866431704856977e-13,4.998305262072131e-09,5.003303567384178e-06,5e-06,3.3035673841772512e-09,0.0006607134768354502
25830.0,0.019959461952707574,3.375909578084855e-05,-3.486628528367524e-13,3.4866285281999733e-13,-6.973257056735048e-11,6.973257056399946e-11,-3.486628528367524e-13,3.4866285281999733e-13,4.998305262073563e-09,5.00330356738418e-06,5e-06,3.3035673841797923e-09,0.0006607134768359585
25860.0,0.01995942011334094,3.380093514748026e-05,-3.486613886138424e-13,3.4866138859756683e-13,-6.973227772276848e-11,6.973227771951337e-11,-3.486613886138424e-13,3.4866138859756683e-13,4.998305262074959e-09,5.003303567384179e-06,5e-06,3.3035673841789453e-09,0.000660713476835789
25890.0,0.01995937827415001,3.3842774338406016e-05,-3.48659924397087e-13,3.486599243812786e-13,-6.97319848794174e-11,6.973198487625572e-11,-3.48659924397087e-13,3.486599243812786e-13,4.998305262076318e-09,5.003303567384181e-06,5e-06,3.3035673841806394e-09,0.0006607134768361278
25920.0,0.019959336435134784,3.388461335362656e-05,-3.486584601864856e-13,3.486584601711325e-13,-6.973169203729712e-11,6.973169203422649e-11,-3.486584601864856e-13,3.486584601711325e-13,4.99830526207764e-09,5.00330356738418e-06,5e-06,3.3035673841797923e-09,0.0006607134768359585
25950.0,0.019959294596295262,3.392645219314262e-05,-3.486569959820397e-13,3.4865699596712897e-13,-6.973139919640794e-11,6.97313991934258e-11,-3.486569959820397e-13,3.4865699596712897e-13,4.998305262078897e-09,5.00330356738418e-06,5e-06,3.3035673841797923e-09,0.0006607134768359585
25980.0,0.019959252757631447,3.3968290856954926e-05,-3.4865553178375045e-13,3.486555317692679e-13,-6.973110635675009e-11,6.973110635385358e-11,-3.4865553178375045e-13,3.486555317692679e-13,4.998305262080148e-09,5.003303567384181e-06,5e-06,3.3035673841806394e-09,0.0006607134768361278
26010.0,0.019959210919143336,3.4010129345064235e-05,-3.486540675916175e-13,3.486540675775497e-13,-6.973081351832351e-11,6.973081351550994e-11,-3.486540675916175e-13,3.486540675775497e-13,4.998305262081358e-09,5.003303567384182e-06,5e-06,3.3035673841814864e-09,0.0006607134768362973
26040.0,0.019959169080830924,3.405196765747127e-05,-3.4865260340563644e-13,3.486526033919745e-13,-6.973052068112729e-11,6.973052067839489e-11,-3.4865260340563644e-13,3.486526033919745e-13,4.9983052620825255e-09,5.003303567384181e-06,5e-06,3.3035673841806394e-09,0.0006607134768361278
26070.0,0.01995912724269422,3.409380579417677e-05,-3.4865113922581297e-13,3.486511392125424e-13,-6.97302278451626e-11,6.973022784250847e-11,-3.4865113922581297e-13,3.486511392125424e-13,4.998305262083667e-09,5.003303567384183e-06,5e-06,3.3035673841823334e-09,0.0006607134768364666
26100.0,0.019959085404733214,3.413564375518148e-05,-3.4864967505214373e-13,3.486496750392535e-13,-6.972993501042874e-11,6.97299350078507e-11,-3.4864967505214373e-13,3.486496750392535e-13,4.998305262084754e-09,5.003303567384184e-06,5e-06,3.3035673841831805e-09,0.0006607134768366361
26130.0,0.019959043566947905,3.4177481540486124e-05,-3.48648210884628e-13,3.486482108721079e-13,-6.97296421769256e-11,6.972964217442158e-11,-3.48648210884628e-13,3.486482108721079e-13,4.998305262085836e-09,5.003303567384183e-06,5e-06,3.3035673841823334e-09,0.0006607134768364666
26160.0,0.0199590017293383,3.421931915009145e-05,-3.4864674672326676e-13,3.48646746711106e-13,-6.972934934465335e-11,6.97293493422212e-11,-3.4864674672326676e-13,3.48646746711106e-13,4.998305262086881e-09,5.0033035673841844e-06,5e-06,3.3035673841840275e-09,0.0006607134768368054
26190.0,0.019958959891904392,3.42611565839982e-05,-3.48645282568059e-13,3.4864528255624767e-13,-6.97290565136118e-11,6.972905651124954e-11,-3.48645282568059e-13,3.4864528255624767e-13,4.998305262087887e-09,5.003303567384186e-06,5e-06,3.3035673841857216e-09,0.0006607134768371443
26220.0,0.01995891805464618,3.4302993842207097e-05,-3.486438184190061e-13,3.486438184075329e-13,-6.972876368380121e-11,6.972876368150658e-11,-3.486438184190061e-13,3.486438184075329e-13,4.9983052620888625e-09,5.003303567384186e-06,5e-06,3.3035673841857216e-09,0.0006607134768371443
26250.0,0.019958876217563665,3.434483092471889e-05,-3.486423542761039e-13,3.4864235426496223e-13,-6.972847085522078e-11,6.972847085299244e-11,-3.486423542761039e-13,3.4864235426496223e-13,4.998305262089823e-09,5.003303567384186e-06,5e-06,3.3035673841857216e-09,0.0006607134768371443
26280.0,0.01995883438065685,3.4386667831534315e-05,-3.4864089013935827e-13,3.4864089012853545e-13,-6.972817802787165e-11,6.972817802570709e-11,-3.4864089013935827e-13,3.4864089012853545e-13,4.998305262090742e-09,5.003303567384188e-06,5e-06,3.3035673841874156e-09,0.0006607134768374831
26310.0,0.019958792543925734,3.442850456265411e-05,-3.4863942600876785e-13,3.4863942599825275e-13,-6.972788520175357e-11,6.972788519965055e-11,-3.4863942600876785e-13,3.4863942599825275e-13,4.998305262091643e-09,5.003303567384189e-06,5e-06,3.3035673841882627e-09,0.0006607134768376525
26340.0,0.019958750707370305,3.4470341118079e-05,-3.4863796188432686e-13,3.4863796187411423e-13,-6.972759237686537e-11,6.972759237482284e-11,-3.4863796188432686e-13,3.4863796187411423e-13,4.998305262092518e-09,5.003303567384189e-06,5e-06,3.3035673841882627e-09,0.0006607134768376525
26370.0,0.019958708870990573,3.4512177497809735e-05,-3.486364977660386e-13,3.4863649775612e-13,-6.972729955320772e-11,6.9727299551224e-11,-3.486364977660386e-13,3.4863649775612e-13,4.998305262093375e-09,5.0033035673841895e-06,5e-06,3.3035673841891097e-09,0.0006607134768378219
26400.0,0.019958667034786534,3.4554013701847045e-05,-3.486350336539049e-13,3.486350336442701e-13,-6.972700673078098e-11,6.972700672885402e-11,-3.486350336539049e-13,3.486350336442701e-13,4.998305262094192e-09,5.0033035673841895e-06,5e-06,3.3035673841891097e-09,0.0006607134768378219
26430.0,0.01995862519875819,3.459584973019167e-05,-3.4863356954792333e-13,3.4863356953856494e-13,-6.972671390958467e-11,6.972671390771299e-11,-3.4863356954792333e-13,3.4863356953856494e-13,4.9983052620950035e-09,5.003303567384191e-06,5e-06,3.3035673841908038e-09,0.0006607134768381607
26460.0,0.019958583362905534,3.4637685582844355e-05,-3.486321054480939e-13,3.4863210543900414e-13,-6.972642108961877e-11,6.972642108780082e-11,-3.486321054480939e-13,3.4863210543900414e-13,4.998305262095773e-09,5.003303567384191e-06,5e-06,3.3035673841908038e-09,0.0006607134768381607
26490.0,0.019958541527228573,3.467952125980583e-05,-3.4863064135441676e-13,3.486306413455881e-13,-6.972612827088335e-11,6.972612826911762e-11,-3.4863064135441676e-13,3.486306413455881e-13,4.998305262096537e-09,5.003303567384192e-06,5e-06,3.303567384191651e-09,0.0006607134768383302
26520.0,0.0199584996917273,3.472135676107683e-05,-3.486291772668939e-13,3.4862917725831685e-13,-6.972583545337877e-11,6.972583545166337e-11,-3.486291772668939e-13,3.4862917725831685e-13,4.998305262097262e-09,5.003303567384192e-06,5e-06,3.303567384191651e-09,0.0006607134768383302
26550.0,0.019958457856401716,3.476319208665809e-05,-3.486277131855211e-13,3.486277131771905e-13,-6.972554263710421e-11,6.97255426354381e-11,-3.486277131855211e-13,3.486277131771905e-13,4.998305262097964e-09,5.003303567384192e-06,5e-06,3.303567384191651e-09,0.0006607134768383302
26580.0,0.019958416021251823,3.480502723655036e-05,-3.486262491102988e-13,3.4862624910220885e-13,-6.972524982205976e-11,6.972524982044177e-11,-3.486262491102988e-13,3.4862624910220885e-13,4.998305262098666e-09,5.003303567384191e-06,5e-06,3.3035673841908038e-09,0.0006607134768381607
26610.0,0.01995837418627762,3.484686221075436e-05,-3.486247850412328e-13,3.486247850333724e-13,-6.972495700824656e-11,6.972495700667449e-11,-3.486247850412328e-13,3.486247850333724e-13,4.998305262099331e-09,5.003303567384193e-06,5e-06,3.303567384192498e-09,0.0006607134768384995
26640.0,0.0199583323514791,3.488869700927085e-05,-3.4862332097831605e-13,3.4862332097068114e-13,-6.972466419566321e-11,6.972466419413622e-11,-3.4862332097831605e-13,3.4862332097068114e-13,4.998305262099987e-09,5.003303567384193e-06,5e-06,3.303567384192498e-09,0.0006607134768384995
26670.0,0.019958290516856273,3.4930531632100544e-05,-3.4862185692155125e-13,3.4862185691413475e-13,-6.972437138431025e-11,6.972437138282694e-11,-3.4862185692155125e-13,3.4862185691413475e-13,4.998305262100619e-09,5.003303567384195e-06,5e-06,3.303567384194192e-09,0.0006607134768388383
26700.0,0.01995824868240913,3.497236607924419e-05,-3.4862039287093704e-13,3.4862039286373364e-13,-6.97240785741874e-11,6.972407857274673e-11,-3.4862039287093704e-13,3.4862039286373364e-13,4.998305262101231e-09,5.003303567384195e-06,5e-06,3.303567384194192e-09,0.0006607134768388383
26730.0,0.01995820684813767,3.5014200350702534e-05,-3.486189288264767e-13,3.4861892881947797e-13,-6.972378576529534e-11,6.97237857638956e-11,-3.486189288264767e-13,3.4861892881947797e-13,4.9983052621018286e-09,5.003303567384195e-06,5e-06,3.303567384194192e-09,0.0006607134768388383
26760.0,0.019958165014041893,3.5056034446476295e-05,-3.4861746478816624e-13,3.486174647813676e-13,-6.972349295763324e-11,6.972349295627351e-11,-3.4861746478816624e-13,3.486174647813676e-13,4.998305262102417e-09,5.0033035673841954e-06,5e-06,3.303567384195039e-09,0.0006607134768390078
26790.0,0.0199581231801218,3.509786836656623e-05,-3.48616000756004e-13,3.486160007494025e-13,-6.97232001512008e-11,6.97232001498805e-11,-3.48616000756004e-13,3.486160007494025e-13,4.998305262102979e-09,5.0033035673841954e-06,5e-06,3.303567384195039e-09,0.0006607134768390078
26820.0,0.01995808134637739,3.5139702110973056e-05,-3.4861453672999533e-13,3.486145367235828e-13,-6.972290734599906e-11,6.972290734471656e-11,-3.4861453672999533e-13,3.486145367235828e-13,4.998305262103518e-09,5.003303567384195e-06,5e-06,3.303567384194192e-09,0.0006607134768388383
26850.0,0.019958039512808667,3.518153567969753e-05,-3.486130727101361e-13,3.486130727039088e-13,-6.972261454202721e-11,6.972261454078176e-11,-3.486130727101361e-13,3.486130727039088e-13,4.998305262104042e-09,5.0033035673841954e-06,5e-06,3.303567384195039e-09,0.0006607134768390078
26880.0,0.019957997679415623,3.522336907274037e-05,-3.4861160869643143e-13,3.486116086903802e-13,-6.972232173928628e-11,6.972232173807604e-11,-3.4861160869643143e-13,3.486116086903802e-13,4.9983052621045665e-09,5.0033035673841954e-06,5e-06,3.303567384195039e-09,0.0006607134768390078
26910.0,0.01995795584619826,3.5265202290102335e-05,-3.486101446888748e-13,3.486101446829974e-13,-6.972202893777496e-11,6.972202893659947e-11,-3.486101446888748e-13,3.486101446829974e-13,4.998305262105064e-09,5.003303567384196e-06,5e-06,3.303567384195886e-09,0.0006607134768391771
26940.0,0.019957914013156577,3.530703533178415e-05,-3.486086806874697e-13,3.4860868068176015e-13,-6.972173613749394e-11,6.972173613635203e-11,-3.486086806874697e-13,3.4860868068176015e-13,4.998305262105569e-09,5.0033035673841954e-06,5e-06,3.303567384195039e-09,0.0006607134768390078
26970.0,0.019957872180290576,3.5348868197786546e-05,-3.48607216692215e-13,3.486072166866686e-13,-6.9721443338443e-11,6.972144333733372e-11,-3.48607216692215e-13,3.486072166866686e-13,4.998305262106034e-09,5.003303567384197e-06,5e-06,3.303567384196733e-09,0.0006607134768393466
27000.0,0.019957830347600253,3.539070088811027e-05,-3.4860575270310935e-13,3.486057526977228e-13,-6.972115054062187e-11,6.972115053954455e-11,-3.4860575270310935e-13,3.486057526977228e-13,4.998305262106486e-09,5.003303567384198e-06,5e-06,3.30356738419758e-09,0.000660713476839516
27030.0,0.019957788515085607,3.5432533402756056e-05,-3.486042887201585e-13,3.486042887149229e-13,-6.97208577440317e-11,6.972085774298458e-11,-3.486042887201585e-13,3.486042887149229e-13,4.998305262106934e-09,5.003303567384198e-06,5e-06,3.30356738419758e-09,0.000660713476839516
27060.0,0.019957746682746635,3.5474365741724646e-05,-3.486028247433541e-13,3.486028247382687e-13,-6.972056494867082e-11,6.972056494765374e-11,-3.486028247433541e-13,3.486028247382687e-13,4.998305262107373e-09,5.003303567384197e-06,5e-06,3.303567384196733e-09,0.0006607134768393466
27090.0,0.01995770485058334,3.551619790501678e-05,-3.486013607726996e-13,3.486013607677604e-13,-6.972027215453991e-11,6.972027215355208e-11,-3.486013607726996e-13,3.486013607677604e-13,4.9983052621077925e-09,5.003303567384197e-06,5e-06,3.303567384196733e-09,0.0006607134768393466
27120.0,0.019957663018595723,3.555802989263319e-05,-3.4859989680819455e-13,3.48599896803398e-13,-6.97199793616389e-11,6.97199793606796e-11,-3.4859989680819455e-13,3.48599896803398e-13,4.998305262108199e-09,5.003303567384197e-06,5e-06,3.303567384196733e-09,0.0006607134768393466
27150.0,0.01995762118678378,3.559986170457461e-05,-3.485984328498417e-13,3.485984328451817e-13,-6.971968656996834e-11,6.971968656903634e-11,-3.485984328498417e-13,3.485984328451817e-13,4.998305262108592e-09,5.003303567384198e-06,5e-06,3.30356738419758e-09,0.000660713476839516
27180.0,0.019957579355147515,3.5641693340841784e-05,-3.4859696889763923e-13,3.48596968893111e-13,-6.971939377952785e-11,6.97193937786222e-11,-3.4859696889763923e-13,3.48596968893111e-13,4.998305262108972e-09,5.003303567384198e-06,5e-06,3.30356738419758e-09,0.000660713476839516
27210.0,0.01995753752368692,3.5683524801435446e-05,-3.485955049515844e-13,3.4859550494718653e-13,-6.971910099031688e-11,6.97191009894373e-11,-3.485955049515844e-13,3.4859550494718653e-13,4.998305262109362e-09,5.003303567384199e-06,5e-06,3.303567384198427e-09,0.0006607134768396854
27240.0,0.019957495692402002,3.572535608635634e-05,-3.4859404101168163e-13,3.4859404100740815e-13,-6.971880820233633e-11,6.971880820148163e-11,-3.4859404101168163e-13,3.4859404100740815e-13,4.9983052621097265e-09,5.0033035673842e-06,5e-06,3.303567384199274e-09,0.0006607134768398548
27270.0,0.019957453861292752,3.576718719560519e-05,-3.4859257707792925e-13,3.4859257707377583e-13,-6.971851541558585e-11,6.971851541475517e-11,-3.4859257707792925e-13,3.4859257707377583e-13,4.998305262110072e-09,5.0033035673842e-06,5e-06,3.303567384199274e-09,0.0006607134768398548
27300.0,0.019957412030359174,3.5809018129182755e-05,-3.4859111315032286e-13,3.485911131462896e-13,-6.971822263006457e-11,6.971822262925792e-11,-3.4859111315032286e-13,3.485911131462896e-13,4.998305262110416e-09,5.0033035673842e-06,5e-06,3.303567384199274e-09,0.0006607134768398548
27330.0,0.019957370199601268,3.585084888708974e-05,-3.4858964922886767e-13,3.4858964922494947e-13,-6.971792984577353e-11,6.97179298449899e-11,-3.4858964922886767e-13,3.4858964922494947e-13,4.998305262110757e-09,5.0033035673842005e-06,5e-06,3.303567384200121e-09,0.0006607134768400242
27360.0,0.01995732836901903,3.589267946932691e-05,-3.4858818531356267e-13,3.4858818530975544e-13,-6.971763706271254e-11,6.971763706195109e-11,-3.4858818531356267e-13,3.4858818530975544e-13,4.998305262111079e-09,5.0033035673842005e-06,5e-06,3.303567384200121e-09,0.0006607134768400242
27390.0,0.019957286538612465,3.593450987589499e-05,-3.485867214044057e-13,3.485867214007075e-13,-6.971734428088113e-11,6.97173442801415e-11,-3.485867214044057e-13,3.485867214007075e-13,4.9983052621113966e-09,5.0033035673842005e-06,5e-06,3.303567384200121e-09,0.0006607134768400242
27420.0,0.019957244708381564,3.597634010679471e-05,-3.485852575013988e-13,3.485852574978059e-13,-6.971705150027976e-11,6.971705149956118e-11,-3.485852575013988e-13,3.485852574978059e-13,4.998305262111695e-09,5.003303567384201e-06,5e-06,3.303567384200968e-09,0.0006607134768401936
27450.0,0.019957202878326332,3.601817016202684e-05,-3.485837936045402e-13,3.4858379360105037e-13,-6.971675872090804e-11,6.971675872021008e-11,-3.485837936045402e-13,3.4858379360105037e-13,4.998305262111988e-09,5.003303567384202e-06,5e-06,3.303567384201815e-09,0.000660713476840363
27480.0,0.01995716104844677,3.6060000041592086e-05,-3.4858232971383275e-13,3.4858232971044113e-13,-6.971646594276655e-11,6.971646594208823e-11,-3.4858232971383275e-13,3.4858232971044113e-13,4.998305262112282e-09,5.003303567384203e-06,5e-06,3.3035673842026622e-09,0.0006607134768405324
27510.0,0.01995711921874287,3.61018297454912e-05,-3.485808658292721e-13,3.485808658259781e-13,-6.971617316585442e-11,6.971617316519562e-11,-3.485808658292721e-13,3.485808658259781e-13,4.9983052621125645e-09,5.003303567384203e-06,5e-06,3.3035673842026622e-09,0.0006607134768405324
27540.0,0.019957077389214633,3.6143659273724916e-05,-3.485794019508635e-13,3.485794019476614e-13,-6.97158803901727e-11,6.971588038953228e-11,-3.485794019508635e-13,3.485794019476614e-13,4.998305262112835e-09,5.003303567384202e-06,5e-06,3.303567384201815e-09,0.000660713476840363
27570.0,0.01995703555986206,3.618548862629398e-05,-3.485779380786017e-13,3.485779380754909e-13,-6.971558761572034e-11,6.971558761509818e-11,-3.485779380786017e-13,3.485779380754909e-13,4.998305262113101e-09,5.003303567384201e-06,5e-06,3.303567384200968e-09,0.0006607134768401936
27600.0,0.019956993730685154,3.622731780319911e-05,-3.4857647421248644e-13,3.485764742094666e-13,-6.971529484249729e-11,6.971529484189332e-11,-3.4857647421248644e-13,3.485764742094666e-13,4.9983052621133495e-09,5.003303567384202e-06,5e-06,3.303567384201815e-09,0.000660713476840363
27630.0,0.019956951901683916,3.626914680444107e-05,-3.4857501035252454e-13,3.4857501034958856e-13,-6.971500207050491e-11,6.971500206991772e-11,-3.4857501035252454e-13,3.4857501034958856e-13,4.998305262113598e-09,5.003303567384202e-06,5e-06,3.303567384201815e-09,0.000660713476840363
27660.0,0.019956910072858335,3.6310975630020575e-05,-3.4857354649870893e-13,3.4857354649585707e-13,-6.971470929974179e-11,6.971470929917141e-11,-3.4857354649870893e-13,3.4857354649585707e-13,4.998305262113846e-09,5.003303567384202e-06,5e-06,3.303567384201815e-09,0.000660713476840363
27690.0,0.019956868244208417,3.6352804279938365e-05,-3.4857208265104286e-13,3.4857208264827167e-13,-6.971441653020857e-11,6.971441652965433e-11,-3.4857208265104286e-13,3.4857208264827167e-13,4.998305262114074e-09,5.003303567384203e-06,5e-06,3.3035673842026622e-09,0.0006607134768405324
27720.0,0.019956826415734163,3.639463275419518e-05,-3.4857061880952424e-13,3.485706188068326e-13,-6.971412376190485e-11,6.971412376136652e-11,-3.4857061880952424e-13,3.485706188068326e-13,4.998305262114306e-09,5.003303567384205e-06,5e-06,3.3035673842043563e-09,0.0006607134768408712
27750.0,0.019956784587435564,3.6436461052791765e-05,-3.485691549741573e-13,3.4856915497153997e-13,-6.971383099483146e-11,6.9713830994308e-11,-3.485691549741573e-13,3.4856915497153997e-13,4.998305262114525e-09,5.003303567384204e-06,5e-06,3.3035673842035093e-09,0.0006607134768407019
27780.0,0.019956742759312623,3.647828917572885e-05,-3.4856769114493494e-13,3.4856769114239347e-13,-6.971353822898699e-11,6.97135382284787e-11,-3.4856769114493494e-13,3.4856769114239347e-13,4.998305262114729e-09,5.003303567384202e-06,5e-06,3.303567384201815e-09,0.000660713476840363
27810.0,0.019956700931365343,3.652011712300719e-05,-3.485662273218613e-13,3.485662273193936e-13,-6.971324546437226e-11,6.971324546387872e-11,-3.485662273218613e-13,3.485662273193936e-13,4.998305262114948e-09,5.003303567384203e-06,5e-06,3.3035673842026622e-09,0.0006607134768405324
27840.0,0.019956659103593725,3.65619448946275e-05,-3.4856476350493933e-13,3.4856476350253973e-13,-6.971295270098786e-11,6.971295270050794e-11,-3.4856476350493933e-13,3.4856476350253973e-13,4.998305262115152e-09,5.003303567384203e-06,5e-06,3.3035673842026622e-09,0.0006607134768405324
27870.0,0.01995661727599776,3.660377249059052e-05,-3.4856329969416427e-13,3.485632996918326e-13,-6.971265993883286e-11,6.971265993836651e-11,-3.4856329969416427e-13,3.485632996918326e-13,4.998305262115352e-09,5.003303567384202e-06,5e-06,3.303567384201815e-09,0.000660713476840363
27900.0,0.01995657544857745,3.664559991089699e-05,-3.485618358895354e-13,3.4856183588727143e-13,-6.971236717790709e-11,6.971236717745428e-11,-3.485618358895354e-13,3.4856183588727143e-13,4.998305262115545e-09,5.003303567384202e-06,5e-06,3.303567384201815e-09,0.000660713476840363
27930.0,0.0199565336213328,3.668742715554766e-05,-3.4856037209105655e-13,3.485603720888569e-13,-6.97120744182113e-11,6.971207441777137e-11,-3.4856037209105655e-13,3.485603720888569e-13,4.998305262115729e-09,5.003303567384203e-06,5e-06,3.3035673842026622e-09,0.0006607134768405324
27960.0,0.019956491794263804,3.6729254224543245e-05,-3.4855890829872635e-13,3.485589082965885e-13,-6.971178165974527e-11,6.97117816593177e-11,-3.4855890829872635e-13,3.485589082965885e-13,4.998305262115909e-09,5.003303567384203e-06,5e-06,3.3035673842026622e-09,0.0006607134768405324
27990.0,0.01995644996737046,3.67710811178845e-05,-3.485574445125434e-13,3.4855744451046663e-13,-6.971148890250868e-11,6.971148890209332e-11,-3.485574445125434e-13,3.4855744451046663e-13,4.998305262116078e-09,5.003303567384202e-06,5e-06,3.303567384201815e-09,0.000660713476840363
28020.0,0.01995640814065277,3.6812907835572165e-05,-3.4855598073250955e-13,3.48555980730491e-13,-6.971119614650191e-11,6.97111961460982e-11,-3.4855598073250955e-13,3.48555980730491e-13,4.99830526211625e-09,5.003303567384201e-06,5e-06,3.303567384200968e-09,0.0006607134768401936
28050.0,0.019956366314110734,3.685473437760697e-05,-3.485545169586224e-13,3.485545169566617e-13,-6.971090339172448e-11,6.971090339133233e-11,-3.485545169586224e-13,3.485545169566617e-13,4.998305262116407e-09,5.003303567384201e-06,5e-06,3.303567384200968e-09,0.0006607134768401936
28080.0,0.01995632448774435,3.689656074398965e-05,-3.485530531908842e-13,3.4855305318897883e-13,-6.971061063817684e-11,6.971061063779576e-11,-3.485530531908842e-13,3.4855305318897883e-13,4.99830526211657e-09,5.003303567384201e-06,5e-06,3.303567384200968e-09,0.0006607134768401936
28110.0,0.019956282661553616,3.6938386934720936e-05,-3.485515894292951e-13,3.4855158942744227e-13,-6.971031788585901e-11,6.971031788548845e-11,-3.485515894292951e-13,3.4855158942744227e-13,4.9983052621167286e-09,5.003303567384201e-06,5e-06,3.303567384200968e-09,0.0006607134768401936
28140.0,0.019956240835538534,3.698021294980158e-05,-3.485501256738515e-13,3.485501256720521e-13,-6.97100251347703e-11,6.971002513441042e-11,-3.485501256738515e-13,3.485501256720521e-13,4.998305262116883e-09,5.0033035673842005e-06,5e-06,3.303567384200121e-09,0.0006607134768400242
28170.0,0.019956199009699107,3.702203878923231e-05,-3.485486619245568e-13,3.485486619228083e-13,-6.970973238491136e-11,6.970973238456167e-11,-3.485486619245568e-13,3.485486619228083e-13,4.9983052621170355e-09,5.003303567384202e-06,5e-06,3.303567384201815e-09,0.000660713476840363
28200.0,0.019956157184035327,3.706386445301387e-05,-3.4854719818141234e-13,3.485471981797107e-13,-6.970943963628247e-11,6.970943963594215e-11,-3.4854719818141234e-13,3.485471981797107e-13,4.998305262117178e-09,5.003303567384203e-06,5e-06,3.3035673842026622e-09,0.0006607134768405324
28230.0,0.019956115358547192,3.7105689941147004e-05,-3.485457344444127e-13,3.4854573444275967e-13,-6.970914688888254e-11,6.970914688855193e-11,-3.485457344444127e-13,3.4854573444275967e-13,4.998305262117311e-09,5.003303567384201e-06,5e-06,3.303567384200968e-09,0.0006607134768401936
28260.0,0.019956073533234704,3.714751525363243e-05,-3.485442707135606e-13,3.4854427071195466e-13,-6.970885414271212e-11,6.970885414239093e-11,-3.485442707135606e-13,3.4854427071195466e-13,4.998305262117435e-09,5.003303567384202e-06,5e-06,3.303567384201815e-09,0.000660713476840363
28290.0,0.019956031708097868,3.7189340390470916e-05,-3.485428069888544e-13,3.485428069872961e-13,-6.970856139777088e-11,6.970856139745923e-11,-3.485428069888544e-13,3.485428069872961e-13,4.998305262117578e-09,5.003303567384202e-06,5e-06,3.303567384201815e-09,0.000660713476840363
28320.0,0.01995598988313668,3.7231165351663165e-05,-3.4854134327030014e-13,3.48541343268784e-13,-6.970826865406003e-11,6.97082686537568e-11,-3.4854134327030014e-13,3.48541343268784e-13,4.998305262117708e-09,5.003303567384203e-06,5e-06,3.3035673842026622e-09,0.0006607134768405324
28350.0,0.01995594805835113,3.727299013720993e-05,-3.4853987955789384e-13,3.485398795564181e-13,-6.970797591157877e-11,6.970797591128362e-11,-3.4853987955789384e-13,3.485398795564181e-13,4.998305262117819e-09,5.003303567384203e-06,5e-06,3.3035673842026622e-09,0.0006607134768405324
28380.0,0.01995590623374123,3.7314814747111956e-05,-3.4853841585163147e-13,3.4853841585019855e-13,-6.97076831703263e-11,6.97076831700397e-11,-3.4853841585163147e-13,3.4853841585019855e-13,4.998305262117951e-09,5.003303567384204e-06,5e-06,3.3035673842035093e-09,0.0006607134768407019
28410.0,0.019955864409306974,3.735663918136997e-05,-3.485369521515186e-13,3.4853695215012514e-13,-6.970739043030371e-11,6.970739043002503e-11,-3.485369521515186e-13,3.4853695215012514e-13,4.9983052621180545e-09,5.003303567384204e-06,5e-06,3.3035673842035093e-09,0.0006607134768407019
28440.0,0.019955822585048362,3.739846343998471e-05,-3.4853548845755377e-13,3.485354884561981e-13,-6.970709769151075e-11,6.970709769123961e-11,-3.4853548845755377e-13,3.485354884561981e-13,4.9983052621181745e-09,5.003303567384205e-06,5e-06,3.3035673842043563e-09,0.0006607134768408712
28470.0,0.019955780760965387,3.7440287522956914e-05,-3.485340247697343e-13,3.485340247684174e-13,-6.970680495394686e-11,6.970680495368348e-11,-3.485340247697343e-13,3.485340247684174e-13,4.998305262118278e-09,5.003303567384205e-06,5e-06,3.3035673842043563e-09,0.0006607134768408712
28500.0,0.019955738937058057,3.748211143028733e-05,-3.4853256108806247e-13,3.4853256108678287e-13,-6.970651221761249e-11,6.970651221735657e-11,-3.4853256108806247e-13,3.4853256108678287e-13,4.9983052621184e-09,5.003303567384205e-06,5e-06,3.3035673842043563e-09,0.0006607134768408712
28530.0,0.01995569711332637,3.7523935161976685e-05,-3.4853109741253887e-13,3.4853109741129466e-13,-6.970621948250777e-11,6.970621948225893e-11,-3.4853109741253887e-13,3.4853109741129466e-13,4.998305262118501e-09,5.003303567384206e-06,5e-06,3.3035673842052033e-09,0.0006607134768410407
28560.0,0.01995565528977032,3.756575871802572e-05,-3.485296337431631e-13,3.485296337419526e-13,-6.970592674863261e-11,6.970592674839052e-11,-3.485296337431631e-13,3.485296337419526e-13,4.9983052621186005e-09,5.003303567384206e-06,5e-06,3.3035673842052033e-09,0.0006607134768410407
28590.0,0.019955613466389913,3.760758209843517e-05,-3.485281700799311e-13,3.4852817007875704e-13,-6.970563401598622e-11,6.97056340157514e-11,-3.485281700799311e-13,3.4852817007875704e-13,4.998305262118704e-09,5.0033035673842065e-06,5e-06,3.3035673842060504e-09,0.00066071347684121
28620.0,0.019955571643185142,3.764940530320578e-05,-3.4852670642284934e-13,3.4852670642170753e-13,-6.970534128456987e-11,6.97053412843415e-11,-3.4852670642284934e-13,3.4852670642170753e-13,4.99830526211879e-09,5.0033035673842065e-06,5e-06,3.3035673842060504e-09,0.00066071347684121
28650.0,0.019955529820156012,3.7691228332338275e-05,-3.485252427719143e-13,3.4852524277080416e-13,-6.970504855438287e-11,6.970504855416083e-11,-3.485252427719143e-13,3.4852524277080416e-13,4.998305262118885e-09,5.0033035673842065e-06,5e-06,3.3035673842060504e-09,0.00066071347684121
28680.0,0.019955487997302516,3.7733051185833396e-05,-3.485237791271292e-13,3.4852377912604694e-13,-6.970475582542584e-11,6.970475582520939e-11,-3.485237791271292e-13,3.4852377912604694e-13,4.998305262118971e-09,5.003303567384206e-06,5e-06,3.3035673842052033e-09,0.0006607134768410407
28710.0,0.019955446174624657,3.7774873863691886e-05,-3.485223154884855e-13,3.485223154874362e-13,-6.97044630976971e-11,6.970446309748723e-11,-3.485223154884855e-13,3.485223154874362e-13,4.99830526211906e-09,5.0033035673842065e-06,5e-06,3.3035673842060504e-09,0.00066071347684121
28740.0,0.019955404352122435,3.781669636591448e-05,-3.4852085185599236e-13,3.4852085185497135e-13,-6.970417037119847e-11,6.970417037099427e-11,-3.4852085185599236e-13,3.4852085185497135e-13,4.99830526211915e-09,5.0033035673842065e-06,5e-06,3.3035673842060504e-09,0.00066071347684121
28770.0,0.019955362529795847,3.785851869250192e-05,-3.48519388229645e-13,3.4851938822865283e-13,-6.9703877645929e-11,6.970387764573057e-11,-3.48519388229645e-13,3.4851938822865283e-13,4.99830526211922e-09,5.0033035673842065e-06,5e-06,3.3035673842060504e-09,0.00066071347684121
28800.0,0.019955320707644893,3.790034084345495e-05,-3.485179246094456e-13,3.4851792460848046e-13,-6.970358492188913e-11,6.97035849216961e-11,-3.485179246094456e-13,3.4851792460848046e-13,4.998305262119314e-09,5.0033035673842065e-06,5e-06,3.3035673842060504e-09,0.00066071347684121
28830.0,0.019955278885669572,3.794216281877428e-05,-3.4851646099539213e-13,3.4851646099445393e-13,-6.970329219907843e-11,6.970329219889079e-11,-3.4851646099539213e-13,3.4851646099445393e-13,4.998305262119383e-09,5.0033035673842065e-06,5e-06,3.3035673842060504e-09,0.00066071347684121
28860.0,0.019955237063869886,3.798398461846066e-05,-3.4851499738748585e-13,3.48514997386574e-13,-6.970299947749716e-11,6.97029994773148e-11,-3.4851499738748585e-13,3.48514997386574e-13,4.998305262119463e-09,5.003303567384206e-06,5e-06,3.3035673842052033e-09,0.0006607134768410407
28890.0,0.019955195242245833,3.802580624251484e-05,-3.485135337857263e-13,3.485135337848397e-13,-6.970270675714526e-11,6.970270675696795e-11,-3.485135337857263e-13,3.485135337848397e-13,4.998305262119541e-09,5.0033035673842065e-06,5e-06,3.3035673842060504e-09,0.00066071347684121
28920.0,0.01995515342079741,3.806762769093754e-05,-3.485120701901149e-13,3.4851207018925173e-13,-6.970241403802299e-11,6.970241403785035e-11,-3.485120701901149e-13,3.4851207018925173e-13,4.9983052621196105e-09,5.0033035673842065e-06,5e-06,3.3035673842060504e-09,0.00066071347684121
28950.0,0.019955111599524622,3.810944896372952e-05,-3.4851060660064844e-13,3.485106065998098e-13,-6.970212132012968e-11,6.970212131996196e-11,-3.4851060660064844e-13,3.485106065998098e-13,4.998305262119672e-09,5.003303567384207e-06,5e-06,3.3035673842068974e-09,0.0006607134768413795
28980.0,0.01995506977842746,3.81512700608915e-05,-3.485091430173314e-13,3.4850914301651406e-13,-6.970182860346628e-11,6.970182860330281e-11,-3.485091430173314e-13,3.4850914301651406e-13,4.998305262119739e-09,5.003303567384207e-06,5e-06,3.3035673842068974e-09,0.0006607134768413795
29010.0,0.01995502795750593,3.8193090982424216e-05,-3.485076794401583e-13,3.485076794393641e-13,-6.970153588803167e-11,6.970153588787282e-11,-3.485076794401583e-13,3.485076794393641e-13,4.998305262119803e-09,5.003303567384208e-06,5e-06,3.3035673842077444e-09,0.0006607134768415488
29040.0,0.019954986136760024,3.823491172832842e-05,-3.4850621586913226e-13,3.485062158683604e-13,-6.970124317382645e-11,6.970124317367208e-11,-3.4850621586913226e-13,3.485062158683604e-13,4.998305262119874e-09,5.003303567384208e-06,5e-06,3.3035673842077444e-09,0.0006607134768415488
29070.0,0.019954944316189743,3.827673229860484e-05,-3.4850475230425306e-13,3.485047523035025e-13,-6.97009504608506e-11,6.97009504607005e-11,-3.4850475230425306e-13,3.485047523035025e-13,4.998305262119932e-09,5.003303567384207e-06,5e-06,3.3035673842068974e-09,0.0006607134768413795
29100.0,0.019954902495795096,3.8318552693254215e-05,-3.485032887455204e-13,3.485032887447906e-13,-6.970065774910408e-11,6.970065774895812e-11,-3.485032887455204e-13,3.485032887447906e-13,4.998305262119989e-09,5.003303567384208e-06,5e-06,3.3035673842077444e-09,0.0006607134768415488
29130.0,0.019954860675576076,3.836037291227729e-05,-3.4850182519293394e-13,3.485018251922249e-13,-6.970036503858679e-11,6.970036503844498e-11,-3.4850182519293394e-13,3.485018251922249e-13,4.998305262120044e-09,5.003303567384208e-06,5e-06,3.3035673842077444e-09,0.0006607134768415488
29160.0,0.019954818855532675,3.840219295567478e-05,-3.4850036164649656e-13,3.48500361645805e-13,-6.970007232929931e-11,6.9700072329161e-11,-3.4850036164649656e-13,3.48500361645805e-13,4.99830526212011e-09,5.003303567384208e-06,5e-06,3.3035673842077444e-09,0.0006607134768415488
29190.0,0.019954777035664905,3.844401282344745e-05,-3.4849889810620316e-13,3.484988981055313e-13,-6.969977962124063e-11,6.969977962110625e-11,-3.4849889810620316e-13,3.484988981055313e-13,4.998305262120148e-09,5.003303567384209e-06,5e-06,3.3035673842085915e-09,0.0006607134768417183
29220.0,0.019954735215972758,3.848583251559602e-05,-3.484974345720565e-13,3.48497434571403e-13,-6.96994869144113e-11,6.96994869142806e-11,-3.484974345720565e-13,3.48497434571403e-13,4.998305262120213e-09,5.003303567384209e-06,5e-06,3.3035673842085915e-09,0.0006607134768417183
29250.0,0.01995469339645623,3.852765203212123e-05,-3.4849597104405565e-13,3.48495971043421e-13,-6.969919420881112e-11,6.969919420868419e-11,-3.4849597104405565e-13,3.48495971043421e-13,4.998305262120256e-09,5.003303567384209e-06,5e-06,3.3035673842085915e-09,0.0006607134768417183
29280.0,0.019954651577115328,3.8569471373023814e-05,-3.4849450752220407e-13,3.4849450752158475e-13,-6.969890150444081e-11,6.969890150431694e-11,-3.4849450752220407e-13,3.4849450752158475e-13,4.998305262120316e-09,5.003303567384208e-06,5e-06,3.3035673842077444e-09,0.0006607134768415488
29310.0,0.019954609757950045,3.8611290538304515e-05,-3.484930440064959e-13,3.4849304400589426e-13,-6.969860880129918e-11,6.969860880117885e-11,-3.484930440064959e-13,3.4849304400589426e-13,4.998305262120358e-09,5.003303567384208e-06,5e-06,3.3035673842077444e-09,0.0006607134768415488
29340.0,0.01995456793896038,3.8653109527964075e-05,-3.4849158049693643e-13,3.484915804963499e-13,-6.969831609938729e-11,6.969831609926998e-11,-3.4849158049693643e-13,3.484915804963499e-13,4.998305262120407e-09,5.003303567384207e-06,5e-06,3.3035673842068974e-09,0.0006607134768413795
29370.0,0.019954526120146344,3.869492834200323e-05,-3.4849011699351987e-13,3.484901169929512e-13,-6.969802339870397e-11,6.969802339859023e-11,-3.4849011699351987e-13,3.484901169929512e-13,4.9983052621204434e-09,5.003303567384207e-06,5e-06,3.3035673842068974e-09,0.0006607134768413795
29400.0,0.01995448430150792,3.873674698042272e-05,-3.4848865349625237e-13,3.484886534956983e-13,-6.969773069925047e-11,6.969773069913966e-11,-3.4848865349625237e-13,3.484886534956983e-13,4.998305262120492e-09,5.003303567384206e-06,5e-06,3.3035673842052033e-09,0.0006607134768410407
29430.0,0.019954442483045117,3.877856544322327e-05,-3.484871900051299e-13,3.4848719000459127e-13,-6.969743800102599e-11,6.969743800091826e-11,-3.484871900051299e-13,3.4848719000459127e-13,4.998305262120536e-09,5.003303567384206e-06,5e-06,3.3035673842052033e-09,0.0006607134768410407
29460.0,0.019954400664757933,3.882038373040562e-05,-3.4848572652015215e-13,3.4848572651962986e-13,-6.969714530403043e-11,6.969714530392597e-11,-3.4848572652015215e-13,3.4848572651962986e-13,4.998305262120586e-09,5.003303567384206e-06,5e-06,3.3035673842052033e-09,0.0006607134768410407
29490.0,0.01995435884664637,3.8862201841970514e-05,-3.4848426304132305e-13,3.4848426304081434e-13,-6.969685260826461e-11,6.969685260816287e-11,-3.4848426304132305e-13,3.4848426304081434e-13,4.998305262120615e-09,5.003303567384206e-06,5e-06,3.3035673842052033e-09,0.0006607134768410407
29520.0,0.01995431702871042,3.8904019777918695e-05,-3.4848279956864156e-13,3.4848279956814457e-13,-6.969655991372831e-11,6.969655991362891e-11,-3.4848279956864156e-13,3.4848279956814457e-13,4.998305262120668e-09,5.003303567384205e-06,5e-06,3.3035673842043563e-09,0.0006607134768408712
29550.0,0.01995427521095009,3.894583753825089e-05,-3.4848133610210274e-13,3.484813361016204e-13,-6.969626722042055e-11,6.969626722032408e-11,-3.4848133610210274e-13,3.484813361016204e-13,4.998305262120707e-09,5.003303567384206e-06,5e-06,3.3035673842052033e-09,0.0006607134768410407
29580.0,0.019954233393365373,3.898765512296784e-05,-3.4847987264171284e-13,3.48479872641242e-13,-6.969597452834257e-11,6.96959745282484e-11,-3.4847987264171284e-13,3.48479872641242e-13,4.998305262120734e-09,5.003303567384206e-06,5e-06,3.3035673842052033e-09,0.0006607134768410407
29610.0,0.01995419157595627,3.9029472532070285e-05,-3.484784091874688e-13,3.484784091870091e-13,-6.969568183749376e-11,6.969568183740182e-11,-3.484784091874688e-13,3.484784091870091e-13,4.9983052621207784e-09,5.0033035673842065e-06,5e-06,3.3035673842060504e-09,0.00066071347684121
29640.0,0.019954149758722783,3.907128976555895e-05,-3.4847694573936796e-13,3.4847694573892206e-13,-6.969538914787359e-11,6.969538914778441e-11,-3.4847694573936796e-13,3.4847694573892206e-13,4.9983052621208024e-09,5.0033035673842065e-06,5e-06,3.3035673842060504e-09,0.00066071347684121
29670.0,0.019954107941664908,3.911310682343459e-05,-3.484754822974152e-13,3.4847548229698065e-13,-6.969509645948304e-11,6.969509645939613e-11,-3.484754822974152e-13,3.4847548229698065e-13,4.998305262120836e-09,5.003303567384207e-06,5e-06,3.3035673842068974e-09,0.0006607134768413795
29700.0,0.019954066124782645,3.915492370569793e-05,-3.4847401886160726e-13,3.4847401886118483e-13,-6.969480377232145e-11,6.969480377223697e-11,-3.4847401886160726e-13,3.4847401886118483e-13,4.998305262120876e-09,5.003303567384207e-06,5e-06,3.3035673842068974e-09,0.0006607134768413795
29730.0,0.019954024308075993,3.9196740412349706e-05,-3.4847255543194734e-13,3.484725554315346e-13,-6.969451108638947e-11,6.969451108630692e-11,-3.4847255543194734e-13,3.484725554315346e-13,4.9983052621209075e-09,5.003303567384207e-06,5e-06,3.3035673842068974e-09,0.0006607134768413795
29760.0,0.01995398249154495,3.923855694339068e-05,-3.484710920084304e-13,3.4847109200802993e-13,-6.969421840168608e-11,6.969421840160598e-11,-3.484710920084304e-13,3.4847109200802993e-13,4.998305262120944e-09,5.0033035673842065e-06,5e-06,3.3035673842060504e-09,0.00066071347684121
29790.0,0.01995394067518952,3.928037329882156e-05,-3.4846962859106247e-13,3.484696285906706e-13,-6.96939257182125e-11,6.969392571813412e-11,-3.4846962859106247e-13,3.484696285906706e-13,4.998305262120969e-09,5.0033035673842065e-06,5e-06,3.3035673842060504e-09,0.00066071347684121
29820.0,0.019953898859009698,3.9322189478643097e-05,-3.4846816517983873e-13,3.48468165179457e-13,-6.969363303596774e-11,6.96936330358914e-11,-3.4846816517983873e-13,3.48468165179457e-13,4.9983052621209985e-09,5.0033035673842065e-06,5e-06,3.3035673842060504e-09,0.00066071347684121
29850.0,0.019953857043005483,3.936400548285602e-05,-3.484667017747601e-13,3.4846670177438894e-13,-6.969334035495202e-11,6.969334035487779e-11,-3.484667017747601e-13,3.4846670177438894e-13,4.998305262121024e-09,5.0033035673842065e-06,5e-06,3.3035673842060504e-09,0.00066071347684121
29880.0,0.019953815227176878,3.9405821311461074e-05,-3.4846523837582665e-13,3.484652383754662e-13,-6.969304767516533e-11,6.969304767509324e-11,-3.4846523837582665e-13,3.484652383754662e-13,4.99830526212106e-09,5.0033035673842065e-06,5e-06,3.3035673842060504e-09,0.00066071347684121
29910.0,0.019953773411523882,3.9447636964459005e-05,-3.4846377498303954e-13,3.48463774982689e-13,-6.96927549966079e-11,6.96927549965378e-11,-3.4846377498303954e-13,3.48463774982689e-13,4.9983052621210746e-09,5.0033035673842065e-06,5e-06,3.3035673842060504e-09,0.00066071347684121
29940.0,0.019953731596046492,3.948945244185053e-05,-3.4846231159639983e-13,3.484623115960572e-13,-6.969246231927996e-11,6.969246231921145e-11,-3.4846231159639983e-13,3.484623115960572e-13,4.998305262121108e-09,5.003303567384207e-06,5e-06,3.3035673842068974e-09,0.0006607134768413795
29970.0,0.019953689780744712,3.9531267743636396e-05,-3.484608482159042e-13,3.484608482155711e-13,-6.969216964318084e-11,6.969216964311421e-11,-3.484608482159042e-13,3.484608482155711e-13,4.998305262121135e-09,5.003303567384208e-06,5e-06,3.3035673842077444e-09,0.0006607134768415488
30000.0,0.01995364796561853,3.9573082869817334e-05,-3.4845938484155815e-13,3.4845938484123013e-13,-6.969187696831163e-11,6.969187696824602e-11,-3.4845938484155815e-13,3.4845938484123013e-13,4.998305262121154e-09,5.003303567384209e-06,5e-06,3.3035673842085915e-09,0.0006607134768417183
30030.0,0.019953606150667953,3.96148978203941e-05,-3.4845792147335305e-13,3.4845792147303447e-13,-6.969158429467061e-11,6.969158429460689e-11,-3.4845792147335305e-13,3.4845792147303447e-13,4.9983052621211896e-09,5.003303567384207e-06,5e-06,3.3035673842068974e-09,0.0006607134768413795
30060.0,0.019953564335892977,3.9656712595367406e-05,-3.4845645811129414e-13,3.4845645811098425e-13,-6.969129162225883e-11,6.969129162219685e-11,-3.4845645811129414e-13,3.4845645811098425e-13,4.998305262121203e-09,5.003303567384207e-06,5e-06,3.3035673842068974e-09,0.0006607134768413795
30090.0,0.019953522521293603,3.969852719473801e-05,-3.4845499475538013e-13,3.4845499475507937e-13,-6.969099895107602e-11,6.969099895101587e-11,-3.4845499475538013e-13,3.4845499475507937e-13,4.998305262121233e-09,5.0033035673842065e-06,5e-06,3.3035673842060504e-09,0.00066071347684121
30120.0,0.019953480706869836,3.9740341618506645e-05,-3.484535314056122e-13,3.4845353140531983e-13,-6.969070628112244e-11,6.969070628106397e-11,-3.484535314056122e-13,3.4845353140531983e-13,4.9983052621212524e-09,5.003303567384207e-06,5e-06,3.3035673842068974e-09,0.0006607134768413795
30150.0,0.019953438892621668,3.978215586667405e-05,-3.4845206806199114e-13,3.4845206806170543e-13,-6.969041361239822e-11,6.969041361234108e-11,-3.4845206806199114e-13,3.4845206806170543e-13,4.9983052621212665e-09,5.0033035673842065e-06,5e-06,3.3035673842060504e-09,0.00066071347684121
30180.0,0.0199533970785491,3.9823969939240966e-05,-3.4845060472451476e-13,3.484506047242364e-13,-6.969012094490295e-11,6.969012094484729e-11,-3.4845060472451476e-13,3.484506047242364e-13,4.9983052621212855e-09,5.003303567384206e-06,5e-06,3.3035673842052033e-09,0.0006607134768410407
30210.0,0.019953355264652133,3.986578383620811e-05,-3.4844914139318336e-13,3.4844914139291265e-13,-6.968982827863667e-11,6.968982827858252e-11,-3.4844914139318336e-13,3.4844914139291265e-13,4.998305262121319e-09,5.0033035673842065e-06,5e-06,3.3035673842060504e-09,0.00066071347684121
30240.0,0.019953313450930765,3.9907597557576245e-05,-3.4844767806799837e-13,3.48447678067734e-13,-6.968953561359967e-11,6.96895356135468e-11,-3.4844767806799837e-13,3.48447678067734e-13,4.998305262121338e-09,5.0033035673842065e-06,5e-06,3.3035673842060504e-09,0.00066071347684121
30270.0,0.019953271637384994,3.9949411103346094e-05,-3.4844621474895896e-13,3.484462147487006e-13,-6.96892429497918e-11,6.968924294974012e-11,-3.4844621474895896e-13,3.484462147487006e-13,4.998305262121356e-09,5.003303567384206e-06,5e-06,3.3035673842052033e-09,0.0006607134768410407
30300.0,0.01995322982401482,3.999122447351839e-05,-3.484447514360636e-13,3.484447514358122e-13,-6.968895028721272e-11,6.968895028716244e-11,-3.484447514360636e-13,3.484447514358122e-13,4.998305262121369e-09,5.003303567384206e-06,5e-06,3.3035673842052033e-09,0.0006607134768410407
30330.0,0.019953188010820248,4.003303766809388e-05,-3.484432881293144e-13,3.484432881290693e-13,-6.968865762586288e-11,6.968865762581386e-11,-3.484432881293144e-13,3.484432881290693e-13,4.998305262121387e-09,5.0033035673842065e-06,5e-06,3.3035673842060504e-09,0.00066071347684121
30360.0,0.01995314619780127,4.00748506870733e-05,-3.4844182482871184e-13,3.4844182482847127e-13,-6.968836496574237e-11,6.968836496569425e-11,-3.4844182482871184e-13,3.4844182482847127e-13,4.9983052621214104e-09,5.003303567384207e-06,5e-06,3.3035673842068974e-09,0.0006607134768413795
30390.0,0.019953104384957884,4.011666353045738e-05,-3.484403615342526e-13,3.4844036153401837e-13,-6.968807230685051e-11,6.968807230680367e-11,-3.484403615342526e-13,3.4844036153401837e-13,4.998305262121419e-09,5.0033035673842065e-06,5e-06,3.3035673842060504e-09,0.00066071347684121
30420.0,0.019953062572290098,4.015847619824686e-05,-3.484388982459396e-13,3.484388982457105e-13,-6.968777964918791e-11,6.968777964914211e-11,-3.484388982459396e-13,3.484388982457105e-13,4.998305262121443e-09,5.003303567384207e-06,5e-06,3.3035673842068974e-09,0.0006607134768413795
30450.0,0.019953020759797897,4.020028869044249e-05,-3.484374349637696e-13,3.484374349635477e-13,-6.968748699275392e-11,6.968748699270954e-11,-3.484374349637696e-13,3.484374349635477e-13,4.998305262121463e-09,5.003303567384206e-06,5e-06,3.3035673842052033e-09,0.0006607134768410407
30480.0,0.019952978947481294,4.024210100704499e-05,-3.4843597168774626e-13,3.4843597168753017e-13,-6.968719433754925e-11,6.968719433750603e-11,-3.4843597168774626e-13,3.4843597168753017e-13,4.998305262121459e-09,5.003303567384206e-06,5e-06,3.3035673842052033e-09,0.0006607134768410407
30510.0,0.019952937135340285,4.028391314805511e-05,-3.484345084178717e-13,3.4843450841765733e-13,-6.968690168357434e-11,6.968690168353147e-11,-3.484345084178717e-13,3.4843450841765733e-13,4.998305262121483e-09,5.003303567384206e-06,5e-06,3.3035673842052033e-09,0.0006607134768410407
30540.0,0.019952895323374863,4.0325725113473576e-05,-3.4843304515413727e-13,3.4843304515392977e-13,-6.968660903082745e-11,6.968660903078595e-11,-3.4843304515413727e-13,3.4843304515392977e-13,4.998305262121509e-09,5.003303567384206e-06,5e-06,3.3035673842052033e-09,0.0006607134768410407
30570.0,0.019952853511585034,4.036753690330114e-05,-3.484315818965508e-13,3.484315818963469e-13,-6.968631637931016e-11,6.968631637926938e-11,-3.484315818965508e-13,3.484315818963469e-13,4.998305262121511e-09,5.003303567384206e-06,5e-06,3.3035673842052033e-09,0.0006607134768410407
30600.0,0.019952811699970797,4.0409348517538524e-05,-3.4843011864510455e-13,3.4843011864490906e-13,-6.96860237290209e-11,6.968602372898181e-11,-3.4843011864510455e-13,3.4843011864490906e-13,4.998305262121528e-09,5.003303567384206e-06,5e-06,3.3035673842052033e-09,0.0006607134768410407
30630.0,0.01995276988853215,4.045115995618648e-05,-3.4842865539980983e-13,3.484286553996161e-13,-6.968573107996196e-11,6.968573107992322e-11,-3.4842865539980983e-13,3.484286553996161e-13,4.998305262121544e-09,5.003303567384205e-06,5e-06,3.3035673842043563e-09,0.0006607134768408712
30660.0,0.019952728077269093,4.0492971219245745e-05,-3.4842719216065657e-13,3.48427192160468e-13,-6.968543843213131e-11,6.96854384320936e-11,-3.4842719216065657e-13,3.48427192160468e-13,4.9983052621215585e-09,5.003303567384206e-06,5e-06,3.3035673842052033e-09,0.0006607134768410407
30690.0,0.019952686266181616,4.053478230671704e-05,-3.4842572892764703e-13,3.484257289274648e-13,-6.968514578552941e-11,6.968514578549296e-11,-3.4842572892764703e-13,3.484257289274648e-13,4.998305262121561e-09,5.003303567384205e-06,5e-06,3.3035673842043563e-09,0.0006607134768408712
30720.0,0.01995264445526973,4.057659321860111e-05,-3.48424265700784e-13,3.484242657006065e-13,-6.96848531401568e-11,6.96848531401213e-11,-3.48424265700784e-13,3.484242657006065e-13,4.9983052621215775e-09,5.003303567384204e-06,5e-06,3.3035673842035093e-09,0.0006607134768407019
30750.0,0.019952602644533433,4.0618403954898696e-05,-3.484228024800671e-13,3.48422802479893e-13,-6.968456049601342e-11,6.96845604959786e-11,-3.484228024800671e-13,3.48422802479893e-13,4.998305262121599e-09,5.003303567384205e-06,5e-06,3.3035673842043563e-09,0.0006607134768408712
30780.0,0.01995256083397272,4.0660214515610536e-05,-3.4842133926549525e-13,3.4842133926532425e-13,-6.968426785309905e-11,6.968426785306485e-11,-3.4842133926549525e-13,3.4842133926532425e-13,4.9983052621216e-09,5.003303567384205e-06,5e-06,3.3035673842043563e-09,0.0006607134768408712
30810.0,0.01995251902358759,4.070202490073737e-05,-3.484198760570667e-13,3.484198760569003e-13,-6.968397521141334e-11,6.968397521138006e-11,-3.484198760570667e-13,3.484198760569003e-13,4.998305262121608e-09,5.003303567384203e-06,5e-06,3.3035673842026622e-09,0.0006607134768405324
30840.0,0.019952477213378048,4.0743835110279926e-05,-3.4841841285478327e-13,3.484184128546211e-13,-6.968368257095665e-11,6.968368257092423e-11,-3.4841841285478327e-13,3.484184128546211e-13,4.9983052621216255e-09,5.003303567384204e-06,5e-06,3.3035673842035093e-09,0.0006607134768407019
30870.0,0.019952435403344092,4.078564514423894e-05,-3.4841694965864754e-13,3.4841694965848654e-13,-6.96833899317295e-11,6.968338993169731e-11,-3.4841694965864754e-13,3.4841694965848654e-13,4.998305262121636e-09,5.003303567384205e-06,5e-06,3.3035673842043563e-09,0.0006607134768408712
30900.0,0.019952393593485714,4.082745500261516e-05,-3.484154864686523e-13,3.484154864684967e-13,-6.968309729373046e-11,6.968309729369934e-11,-3.484154864686523e-13,3.484154864684967e-13,4.9983052621216445e-09,5.003303567384205e-06,5e-06,3.3035673842043563e-09,0.0006607134768408712
30930.0,0.019952351783802922,4.0869264685409323e-05,-3.484140232848056e-13,3.484140232846515e-13,-6.968280465696111e-11,6.96828046569303e-11,-3.484140232848056e-13,3.484140232846515e-13,4.998305262121648e-09,5.003303567384205e-06,5e-06,3.3035673842043563e-09,0.0006607134768408712
30960.0,0.01995230997429571,4.0911074192622154e-05,-3.4841256010709896e-13,3.4841256010695103e-13,-6.968251202141979e-11,6.968251202139021e-11,-3.4841256010709896e-13,3.4841256010695103e-13,4.998305262121667e-09,5.003303567384206e-06,5e-06,3.3035673842052033e-09,0.0006607134768410407
30990.0,0.01995226816496408,4.09528835242544e-05,-3.4841109693554247e-13,3.4841109693539525e-13,-6.968221938710849e-11,6.968221938707905e-11,-3.4841109693554247e-13,3.4841109693539525e-13,4.998305262121682e-09,5.003303567384206e-06,5e-06,3.3035673842052033e-09,0.0006607134768410407
31020.0,0.019952226355808025,4.09946926803068e-05,-3.4840963377012717e-13,3.484096337699839e-13,-6.968192675402543e-11,6.968192675399678e-11,-3.4840963377012717e-13,3.484096337699839e-13,4.9983052621216826e-09,5.003303567384206e-06,5e-06,3.3035673842052033e-09,0.0006607134768410407
31050.0,0.01995218454682755,4.103650166078009e-05,-3.484081706108586e-13,3.484081706107172e-13,-6.968163412217172e-11,6.968163412214344e-11,-3.484081706108586e-13,3.484081706107172e-13,4.998305262121682e-09,5.003303567384205e-06,5e-06,3.3035673842043563e-09,0.0006607134768408712
31080.0,0.019952142738022656,4.1078310465674994e-05,-3.484067074577322e-13,3.4840670745759513e-13,-6.968134149154643e-11,6.968134149151902e-11,-3.484067074577322e-13,3.4840670745759513e-13,4.998305262121702e-09,5.003303567384205e-06,5e-06,3.3035673842043563e-09,0.0006607134768408712
31110.0,0.019952100929393344,4.112011909499226e-05,-3.4840524431075263e-13,3.484052443106174e-13,-6.968104886215052e-11,6.968104886212347e-11,-3.4840524431075263e-13,3.484052443106174e-13,4.998305262121708e-09,5.003303567384206e-06,5e-06,3.3035673842052033e-09,0.0006607134768410407
31140.0,0.019952059120939603,4.116192754873264e-05,-3.4840378116991855e-13,3.484037811697844e-13,-6.968075623398371e-11,6.968075623395688e-11,-3.4840378116991855e-13,3.484037811697844e-13,4.9983052621217214e-09,5.0033035673842065e-06,5e-06,3.3035673842060504e-09,0.00066071347684121
31170.0,0.01995201731266144,4.1203735826896855e-05,-3.48402318035225e-13,3.484023180350957e-13,-6.9680463607045e-11,6.968046360701914e-11,-3.48402318035225e-13,3.484023180350957e-13,4.99830526212172e-09,5.0033035673842065e-06,5e-06,3.3035673842060504e-09,0.00066071347684121
31200.0,0.01995197550455885,4.124554392948564e-05,-3.484008549066795e-13,3.484008549065514e-13,-6.96801709813359e-11,6.968017098131028e-11,-3.484008549066795e-13,3.484008549065514e-13,4.9983052621217305e-09,5.0033035673842065e-06,5e-06,3.3035673842060504e-09,0.00066071347684121
31230.0,0.019951933696631837,4.1287351856499746e-05,-3.483993917842749e-13,3.4839939178415157e-13,-6.967987835685498e-11,6.967987835683032e-11,-3.483993917842749e-13,3.4839939178415157e-13,4.998305262121747e-09,5.0033035673842065e-06,5e-06,3.3035673842060504e-09,0.00066071347684121
31260.0,0.0199518918888804,4.13291596079399e-05,-3.4839792866801643e-13,3.4839792866789627e-13,-6.967958573360328e-11,6.967958573357926e-11,-3.4839792866801643e-13,3.4839792866789627e-13,4.998305262121748e-09,5.003303567384207e-06,5e-06,3.3035673842068974e-09,0.0006607134768413795
31290.0,0.019951850081304533,4.137096718380683e-05,-3.4839646555790546e-13,3.4839646555778535e-13,-6.967929311158109e-11,6.967929311155706e-11,-3.4839646555790546e-13,3.4839646555778535e-13,4.998305262121758e-09,5.0033035673842065e-06,5e-06,3.3035673842060504e-09,0.00066071347684121
31320.0,0.019951808273904244,4.141277458410129e-05,-3.483950024539348e-13,3.4839500245381867e-13,-6.967900049078695e-11,6.967900049076373e-11,-3.483950024539348e-13,3.4839500245381867e-13,4.998305262121761e-09,5.003303567384208e-06,5e-06,3.3035673842077444e-09,0.0006607134768415488
31350.0,0.01995176646667952,4.145458180882401e-05,-3.4839353935611293e-13,3.483935393559962e-13,-6.967870787122259e-11,6.967870787119924e-11,-3.4839353935611293e-13,3.483935393559962e-13,4.998305262121765e-09,5.003303567384209e-06,5e-06,3.3035673842085915e-09,0.0006607134768417183
31380.0,0.01995172465963037,4.149638885797573e-05,-3.483920762644306e-13,3.4839207626431813e-13,-6.967841525288612e-11,6.967841525286363e-11,-3.483920762644306e-13,3.4839207626431813e-13,4.998305262121791e-09,5.003303567384209e-06,5e-06,3.3035673842085915e-09,0.0006607134768417183
31410.0,0.01995168285275679,4.153819573155719e-05,-3.483906131788951e-13,3.4839061317878433e-13,-6.967812263577902e-11,6.967812263575687e-11,-3.483906131788951e-13,3.4839061317878433e-13,4.9983052621217835e-09,5.003303567384209e-06,5e-06,3.3035673842085915e-09,0.0006607134768417183
31440.0,0.019951641046058777,4.1580002429569124e-05,-3.483891500995037e-13,3.48389150099395e-13,-6.967783001990074e-11,6.9677830019879e-11,-3.483891500995037e-13,3.48389150099395e-13,4.998305262121789e-09,5.003303567384209e-06,5e-06,3.3035673842085915e-09,0.0006607134768417183
31470.0,0.019951599239536336,4.162180895201226e-05,-3.4838768702625636e-13,3.483876870261497e-13,-6.967753740525127e-11,6.967753740522993e-11,-3.4838768702625636e-13,3.483876870261497e-13,4.998305262121795e-09,5.003303567384209e-06,5e-06,3.3035673842085915e-09,0.0006607134768417183
31500.0,0.019951557433189458,4.166361529888735e-05,-3.4838622395915555e-13,3.4838622395904867e-13,-6.967724479183111e-11,6.967724479180973e-11,-3.4838622395915555e-13,3.4838622395904867e-13,4.9983052621217884e-09,5.003303567384208e-06,5e-06,3.3035673842077444e-09,0.0006607134768415488
31530.0,0.01995151562701815,4.170542147019512e-05,-3.4838476089819367e-13,3.4838476089809164e-13,-6.967695217963873e-11,6.967695217961832e-11,-3.4838476089819367e-13,3.4838476089809164e-13,4.9983052621218075e-09,5.003303567384208e-06,5e-06,3.3035673842077444e-09,0.0006607134768415488
31560.0,0.019951473821022407,4.174722746593632e-05,-3.4838329784337915e-13,3.483832978432789e-13,-6.967665956867583e-11,6.967665956865577e-11,-3.4838329784337915e-13,3.483832978432789e-13,4.998305262121808e-09,5.003303567384208e-06,5e-06,3.3035673842077444e-09,0.0006607134768415488
31590.0,0.01995143201520223,4.178903328611167e-05,-3.4838183479470805e-13,3.4838183479461036e-13,-6.967636695894161e-11,6.967636695892207e-11,-3.4838183479470805e-13,3.4838183479461036e-13,4.9983052621218215e-09,5.003303567384207e-06,5e-06,3.3035673842068974e-09,0.0006607134768413795
31620.0,0.019951390209557617,4.183083893072192e-05,-3.4838037175218184e-13,3.483803717520858e-13,-6.967607435043637e-11,6.967607435041716e-11,-3.4838037175218184e-13,3.483803717520858e-13,4.998305262121817e-09,5.0033035673842065e-06,5e-06,3.3035673842060504e-09,0.00066071347684121
31650.0,0.019951348404088572,4.187264439976781e-05,-3.4837890871579824e-13,3.483789087157054e-13,-6.967578174315965e-11,6.967578174314108e-11,-3.4837890871579824e-13,3.483789087157054e-13,4.998305262121829e-09,5.0033035673842065e-06,5e-06,3.3035673842060504e-09,0.00066071347684121
31680.0,0.01995130659879509,4.191444969325006e-05,-3.483774456855621e-13,3.48377445685469e-13,-6.967548913711242e-11,6.96754891370938e-11,-3.483774456855621e-13,3.48377445685469e-13,4.998305262121829e-09,5.0033035673842065e-06,5e-06,3.3035673842060504e-09,0.00066071347684121
31710.0,0.019951264793677172,4.195625481116942e-05,-3.4837598266146767e-13,3.4837598266137675e-13,-6.967519653229353e-11,6.967519653227535e-11,-3.4837598266146767e-13,3.4837598266137675e-13,4.998305262121832e-09,5.003303567384208e-06,5e-06,3.3035673842077444e-09,0.0006607134768415488
31740.0,0.019951222988734817,4.199805975352663e-05,-3.483745196435183e-13,3.483745196434282e-13,-6.967490392870365e-11,6.967490392868564e-11,-3.483745196435183e-13,3.483745196434282e-13,4.998305262121832e-09,5.003303567384208e-06,5e-06,3.3035673842077444e-09,0.0006607134768415488
31770.0,0.019951181183968023,4.203986452032243e-05,-3.483730566317133e-13,3.4837305663162385e-13,-6.967461132634266e-11,6.967461132632476e-11,-3.483730566317133e-13,3.4837305663162385e-13,4.998305262121848e-09,5.003303567384208e-06,5e-06,3.3035673842077444e-09,0.0006607134768415488
31800.0,0.019951139379376787,4.208166911155754e-05,-3.483715936260508e-13,3.4837159362596357e-13,-6.967431872521016e-11,6.967431872519271e-11,-3.483715936260508e-13,3.4837159362596357e-13,4.998305262121845e-09,5.003303567384208e-06,5e-06,3.3035673842077444e-09,0.0006607134768415488
31830.0,0.019951097574961114,4.212347352723272e-05,-3.483701306265333e-13,3.483701306264468e-13,-6.967402612530666e-11,6.967402612528936e-11,-3.483701306265333e-13,3.483701306264468e-13,4.998305262121856e-09,5.003303567384209e-06,5e-06,3.3035673842085915e-09,0.0006607134768417183
31860.0,0.019951055770720996,4.2165277767348693e-05,-3.4836866763315784e-13,3.4836866763307413e-13,-6.967373352663156e-11,6.967373352661482e-11,-3.4836866763315784e-13,3.4836866763307413e-13,4.998305262121854e-09,5.003303567384209e-06,5e-06,3.3035673842085915e-09,0.0006607134768417183
31890.0,0.01995101396665644,4.220708183190619e-05,-3.483672046459273e-13,3.4836720464584543e-13,-6.967344092918546e-11,6.967344092916909e-11,-3.483672046459273e-13,3.4836720464584543e-13,4.998305262121859e-09,5.003303567384209e-06,5e-06,3.3035673842085915e-09,0.0006607134768417183
31920.0,0.019950972162767436,4.224888572090596e-05,-3.483657416648426e-13,3.4836574166476055e-13,-6.967314833296851e-11,6.967314833295211e-11,-3.483657416648426e-13,3.4836574166476055e-13,4.998305262121857e-09,5.003303567384207e-06,5e-06,3.3035673842068974e-09,0.0006607134768413795
31950.0,0.019950930359053994,4.229068943434874e-05,-3.483642786898982e-13,3.4836427868981945e-13,-6.967285573797964e-11,6.967285573796389e-11,-3.483642786898982e-13,3.4836427868981945e-13,4.998305262121868e-09,5.003303567384208e-06,5e-06,3.3035673842077444e-09,0.0006607134768415488
31980.0,0.01995088855551611,4.233249297223526e-05,-3.4836281572110234e-13,3.4836281572102217e-13,-6.967256314422047e-11,6.967256314420443e-11,-3.4836281572110234e-13,3.4836281572102217e-13,4.998305262121866e-09,5.003303567384208e-06,5e-06,3.3035673842077444e-09,0.0006607134768415488
32010.0,0.01995084675215377,4.237429633456626e-05,-3.48361352758446e-13,3.483613527583687e-13,-6.96722705516892e-11,6.967227055167375e-11,-3.48361352758446e-13,3.483613527583687e-13,4.998305262121876e-09,5.0033035673842065e-06,5e-06,3.3035673842060504e-09,0.00066071347684121
32040.0,0.01995080494896699,4.2416099521342476e-05,-3.483598898019361e-13,3.4835988980185894e-13,-6.967197796038722e-11,6.967197796037179e-11,-3.483598898019361e-13,3.4835988980185894e-13,4.998305262121867e-09,5.003303567384206e-06,5e-06,3.3035673842052033e-09,0.0006607134768410407
32070.0,0.019950763145955768,4.245790253256466e-05,-3.483584268515671e-13,3.4835842685149294e-13,-6.967168537031342e-11,6.967168537029858e-11,-3.483584268515671e-13,3.4835842685149294e-13,4.998305262121876e-09,5.003303567384206e-06,5e-06,3.3035673842052033e-09,0.0006607134768410407
32100.0,0.0199507213431201,4.2499705368233536e-05,-3.483569639073428e-13,3.4835696390727066e-13,-6.967139278146856e-11,6.967139278145413e-11,-3.483569639073428e-13,3.4835696390727066e-13,4.9983052621218836e-09,5.003303567384206e-06,5e-06,3.3035673842052033e-09,0.0006607134768410407
32130.0,0.019950679540459985,4.254150802834984e-05,-3.483555009692636e-13,3.48355500969192e-13,-6.967110019385272e-11,6.96711001938384e-11,-3.483555009692636e-13,3.48355500969192e-13,4.998305262121889e-09,5.003303567384206e-06,5e-06,3.3035673842052033e-09,0.0006607134768410407
32160.0,0.01995063773797542,4.2583310512914306e-05,-3.4835403803732897e-13,3.4835403803725687e-13,-6.967080760746579e-11,6.967080760745138e-11,-3.4835403803732897e-13,3.4835403803725687e-13,4.998305262121889e-09,5.0033035673842065e-06,5e-06,3.3035673842060504e-09,0.00066071347684121
32190.0,0.01995059593566641,4.262511282192768e-05,-3.483525751115372e-13,3.483525751114655e-13,-6.967051502230744e-11,6.96705150222931e-11,-3.483525751115372e-13,3.483525751114655e-13,4.998305262121895e-09,5.003303567384207e-06,5e-06,3.3035673842068974e-09,0.0006607134768413795
32220.0,0.019950554133532947,4.2666914955390695e-05,-3.4835111219188664e-13,3.4835111219181773e-13,-6.967022243837733e-11,6.967022243836354e-11,-3.4835111219188664e-13,3.4835111219181773e-13,4.998305262121897e-09,5.0033035673842065e-06,5e-06,3.3035673842060504e-09,0.00066071347684121
32250.0,0.01995051233157503,4.27087169133041e-05,-3.483496492783812e-13,3.483496492783136e-13,-6.966992985567624e-11,6.966992985566272e-11,-3.483496492783812e-13,3.483496492783136e-13,4.998305262121898e-09,5.0033035673842065e-06,5e-06,3.3035673842060504e-09,0.00066071347684121
32280.0,0.01995047052979267,4.2750518695668606e-05,-3.4834818637102e-13,3.4834818637095303e-13,-6.9669637274204e-11,6.96696372741906e-11,-3.4834818637102e-13,3.4834818637095303e-13,4.998305262121899e-09,5.0033035673842065e-06,5e-06,3.3035673842060504e-09,0.00066071347684121
32310.0,0.01995042872818585,4.2792320302484974e-05,-3.483467234698045e-13,3.483467234697358e-13,-6.96693446939609e-11,6.966934469394716e-11,-3.483467234698045e-13,3.483467234697358e-13,4.9983052621218985e-09,5.003303567384206e-06,5e-06,3.3035673842052033e-09,0.0006607134768410407
32340.0,0.019950386926754583,4.283412173375393e-05,-3.483452605747273e-13,3.483452605746622e-13,-6.966905211494546e-11,6.966905211493244e-11,-3.483452605747273e-13,3.483452605746622e-13,4.9983052621218985e-09,5.0033035673842065e-06,5e-06,3.3035673842060504e-09,0.00066071347684121
32370.0,0.01995034512549886,4.287592298947622e-05,-3.483437976857988e-13,3.4834379768573205e-13,-6.966875953715976e-11,6.966875953714641e-11,-3.483437976857988e-13,3.4834379768573205e-13,4.998305262121909e-09,5.003303567384206e-06,5e-06,3.3035673842052033e-09,0.0006607134768410407
32400.0,0.019950303324418685,4.291772406965257e-05,-3.483423348030092e-13,3.483423348029453e-13,-6.966846696060184e-11,6.966846696058906e-11,-3.483423348030092e-13,3.483423348029453e-13,4.998305262121909e-09,5.0033035673842065e-06,5e-06,3.3035673842060504e-09,0.00066071347684121
32430.0,0.019950261523514052,4.295952497428373e-05,-3.483408719263674e-13,3.4834087192630197e-13,-6.966817438527348e-11,6.966817438526039e-11,-3.483408719263674e-13,3.4834087192630197e-13,4.998305262121907e-09,5.0033035673842065e-06,5e-06,3.3035673842060504e-09,0.00066071347684121
32460.0,0.019950219722784965,4.3001325703370426e-05,-3.4833940905586517e-13,3.4833940905580216e-13,-6.966788181117303e-11,6.966788181116043e-11,-3.4833940905586517e-13,3.4833940905580216e-13,4.998305262121919e-09,5.0033035673842065e-06,5e-06,3.3035673842060504e-09,0.00066071347684121
32490.0,0.019950177922231423,4.30431262569134e-05,-3.48337946191507e-13,3.483379461914456e-13,-6.96675892383014e-11,6.966758923828913e-11,-3.48337946191507e-13,3.483379461914456e-13,4.998305262121919e-09,5.003303567384206e-06,5e-06,3.3035673842052033e-09,0.0006607134768410407
32520.0,0.019950136121853427,4.308492663491338e-05,-3.4833648333329456e-13,3.4833648333323236e-13,-6.96672966666589e-11,6.966729666664647e-11,-3.4833648333329456e-13,3.4833648333323236e-13,4.998305262121919e-09,5.003303567384207e-06,5e-06,3.3035673842068974e-09,0.0006607134768413795
32550.0,0.019950094321650968,4.3126726837371126e-05,-3.4833502048122527e-13,3.4833502048116246e-13,-6.966700409624506e-11,6.966700409623249e-11,-3.4833502048122527e-13,3.4833502048116246e-13,4.9983052621219175e-09,5.0033035673842065e-06,5e-06,3.3035673842060504e-09,0.00066071347684121
32580.0,0.019950052521624052,4.316852686428736e-05,-3.4833355763529556e-13,3.4833355763523574e-13,-6.966671152705912e-11,6.966671152704715e-11,-3.4833355763529556e-13,3.4833355763523574e-13,4.998305262121929e-09,5.003303567384207e-06,5e-06,3.3035673842068974e-09,0.0006607134768413795
32610.0,0.019950010721772674,4.321032671566281e-05,-3.483320947955107e-13,3.4833209479545253e-13,-6.966641895910213e-11,6.96664189590905e-11,-3.483320947955107e-13,3.4833209479545253e-13,4.998305262121926e-09,5.003303567384206e-06,5e-06,3.3035673842052033e-09,0.0006607134768410407
32640.0,0.019949968922096835,4.325212639149823e-05,-3.483306319618706e-13,3.483306319618124e-13,-6.966612639237412e-11,6.966612639236248e-11,-3.483306319618706e-13,3.483306319618124e-13,4.998305262121924e-09,5.003303567384205e-06,5e-06,3.3035673842043563e-09,0.0006607134768408712
32670.0,0.01994992712259654,4.3293925891794346e-05,-3.483291691343734e-13,3.4832916913431543e-13,-6.966583382687468e-11,6.966583382686309e-11,-3.483291691343734e-13,3.4832916913431543e-13,4.998305262121936e-09,5.003303567384206e-06,5e-06,3.3035673842052033e-09,0.0006607134768410407
32700.0,0.01994988532327178,4.333572521655191e-05,-3.483277063130192e-13,3.483277063129619e-13,-6.966554126260383e-11,6.966554126259237e-11,-3.483277063130192e-13,3.483277063129619e-13,4.998305262121932e-09,5.003303567384205e-06,5e-06,3.3035673842043563e-09,0.0006607134768408712
32730.0,0.019949843524122563,4.337752436577164e-05,-3.4832624349780694e-13,3.4832624349775126e-13,-6.966524869956139e-11,6.966524869955025e-11,-3.4832624349780694e-13,3.4832624349775126e-13,4.9983052621219365e-09,5.003303567384206e-06,5e-06,3.3035673842052033e-09,0.0006607134768410407
32760.0,0.019949801725148878,4.341932333945428e-05,-3.4832478068874135e-13,3.483247806886839e-13,-6.966495613774827e-11,6.966495613773678e-11,-3.4832478068874135e-13,3.483247806886839e-13,4.998305262121931e-09,5.003303567384206e-06,5e-06,3.3035673842052033e-09,0.0006607134768410407
32790.0,0.019949759926350737,4.3461122137600567e-05,-3.4832331788581625e-13,3.4832331788575956e-13,-6.966466357716325e-11,6.966466357715191e-11,-3.4832331788581625e-13,3.4832331788575956e-13,4.998305262121928e-09,5.0033035673842065e-06,5e-06,3.3035673842060504e-09,0.00066071347684121
32820.0,0.01994971812772813,4.3502920760211245e-05,-3.483218550890348e-13,3.483218550889784e-13,-6.966437101780695e-11,6.966437101779567e-11,-3.483218550890348e-13,3.483218550889784e-13,4.9983052621219464e-09,5.003303567384207e-06,5e-06,3.3035673842068974e-09,0.0006607134768413795
32850.0,0.01994967632928105,4.3544719207287037e-05,-3.483203922983957e-13,3.483203922983402e-13,-6.966407845967914e-11,6.966407845966804e-11,-3.483203922983957e-13,3.483203922983402e-13,4.998305262121939e-09,5.0033035673842065e-06,5e-06,3.3035673842060504e-09,0.00066071347684121
32880.0,0.01994963453100951,4.35865174788287e-05,-3.4831892951389876e-13,3.4831892951384515e-13,-6.966378590277975e-11,6.966378590276903e-11,-3.4831892951389876e-13,3.4831892951384515e-13,4.998305262121938e-09,5.003303567384207e-06,5e-06,3.3035673842068974e-09,0.0006607134768413795
32910.0,0.019949592732913503,4.3628315574836956e-05,-3.4831746673554816e-13,3.483174667354931e-13,-6.966349334710963e-11,6.966349334709861e-11,-3.4831746673554816e-13,3.483174667354931e-13,4.998305262121943e-09,5.003303567384207e-06,5e-06,3.3035673842068974e-09,0.0006607134768413795
32940.0,0.019949550934993024,4.367011349531255e-05,-3.4831600396333936e-13,3.483160039632838e-13,-6.966320079266787e-11,6.966320079265676e-11,-3.4831600396333936e-13,3.483160039632838e-13,4.9983052621219365e-09,5.0033035673842065e-06,5e-06,3.3035673842060504e-09,0.00066071347684121
32970.0,0.01994950913724808,4.3711911240256214e-05,-3.4831454119726984e-13,3.4831454119721784e-13,-6.966290823945397e-11,6.966290823944356e-11,-3.4831454119726984e-13,3.4831454119721784e-13,4.998305262121943e-09,5.0033035673842065e-06,5e-06,3.3035673842060504e-09,0.00066071347684121
33000.0,0.01994946733967867,4.375370880966869e-05,-3.4831307843734764e-13,3.483130784372947e-13,-6.966261568746952e-11,6.966261568745894e-11,-3.4831307843734764e-13,3.483130784372947e-13,4.998305262121948e-09,5.0033035673842065e-06,5e-06,3.3035673842060504e-09,0.00066071347684121
33030.0,0.019949425542284786,4.3795506203550705e-05,-3.4831161568356547e-13,3.483116156835142e-13,-6.966232313671309e-11,6.966232313670284e-11,-3.4831161568356547e-13,3.483116156835142e-13,4.998305262121944e-09,5.0033035673842065e-06,5e-06,3.3035673842060504e-09,0.00066071347684121
33060.0,0.019949383745066437,4.383730342190301e-05,-3.48310152935929e-13,3.483101529358769e-13,-6.96620305871858e-11,6.966203058717538e-11,-3.48310152935929e-13,3.483101529358769e-13,4.998305262121952e-09,5.0033035673842065e-06,5e-06,3.3035673842060504e-09,0.00066071347684121
33090.0,0.019949341948023617,4.387910046472633e-05,-3.4830869019443463e-13,3.4830869019438237e-13,-6.966173803888693e-11,6.966173803887647e-11,-3.4830869019443463e-13,3.4830869019438237e-13,4.998305262121951e-09,5.003303567384207e-06,5e-06,3.3035673842068974e-09,0.0006607134768413795
33120.0,0.019949300151156323,4.392089733202141e-05,-3.4830722745908237e-13,3.4830722745903057e-13,-6.966144549181648e-11,6.966144549180611e-11,-3.4830722745908237e-13,3.4830722745903057e-13,4.9983052621219464e-09,5.003303567384209e-06,5e-06,3.3035673842085915e-09,0.0006607134768417183
33150.0,0.019949258354464556,4.396269402378899e-05,-3.4830576472987343e-13,3.483057647298218e-13,-6.966115294597468e-11,6.966115294596436e-11,-3.4830576472987343e-13,3.483057647298218e-13,4.998305262121955e-09,5.003303567384208e-06,5e-06,3.3035673842077444e-09,0.0006607134768415488
33180.0,0.019949216557948315,4.40044905400298e-05,-3.483043020068057e-13,3.4830430200675566e-13,-6.966086040136114e-11,6.966086040135114e-11,-3.483043020068057e-13,3.4830430200675566e-13,4.998305262121965e-09,5.003303567384208e-06,5e-06,3.3035673842077444e-09,0.0006607134768415488
33210.0,0.0199491747616076,4.404628688074458e-05,-3.4830283928988194e-13,3.4830283928983226e-13,-6.966056785797638e-11,6.966056785796645e-11,-3.4830283928988194e-13,3.4830283928983226e-13,4.998305262121946e-09,5.003303567384209e-06,5e-06,3.3035673842085915e-09,0.0006607134768417183
33240.0,0.01994913296544241,4.408808304593407e-05,-3.4830137657910125e-13,3.4830137657905157e-13,-6.966027531582025e-11,6.966027531581031e-11,-3.4830137657910125e-13,3.4830137657905157e-13,4.998305262121957e-09,5.003303567384209e-06,5e-06,3.3035673842085915e-09,0.0006607134768417183
33270.0,0.01994909116945275,4.4129879035599e-05,-3.482999138744639e-13,3.4829991387441364e-13,-6.965998277489278e-11,6.965998277488272e-11,-3.482999138744639e-13,3.4829991387441364e-13,4.99830526212196e-09,5.003303567384209e-06,5e-06,3.3035673842085915e-09,0.0006607134768417183
33300.0,0.019949049373638606,4.417167484974011e-05,-3.482984511759679e-13,3.482984511759184e-13,-6.965969023519358e-11,6.965969023518368e-11,-3.482984511759679e-13,3.482984511759184e-13,4.998305262121965e-09,5.003303567384208e-06,5e-06,3.3035673842077444e-09,0.0006607134768415488
33330.0,0.01994900757799999,4.421347048835814e-05,-3.482969884836149e-13,3.482969884835659e-13,-6.965939769672298e-11,6.965939769671318e-11,-3.482969884836149e-13,3.482969884835659e-13,4.998305262121959e-09,5.003303567384209e-06,5e-06,3.3035673842085915e-09,0.0006607134768417183
33360.0,0.019948965782536892,4.425526595145382e-05,-3.4829552579740583e-13,3.482955257973558e-13,-6.965910515948116e-11,6.965910515947116e-11,-3.4829552579740583e-13,3.482955257973558e-13,4.9983052621219655e-09,5.003303567384209e-06,5e-06,3.3035673842085915e-09,0.0006607134768417183
33390.0,0.01994892398724932,4.429706123902789e-05,-3.4829406311733644e-13,3.4829406311728827e-13,-6.965881262346728e-11,6.965881262345765e-11,-3.4829406311733644e-13,3.4829406311728827e-13,4.9983052621219555e-09,5.00330356738421e-06,5e-06,3.3035673842094385e-09,0.0006607134768418876
33420.0,0.01994888219213727,4.43388563510811e-05,-3.4829260044341193e-13,3.4829260044336347e-13,-6.965852008868239e-11,6.96585200886727e-11,-3.4829260044341193e-13,3.4829260044336347e-13,4.998305262121963e-09,5.00330356738421e-06,5e-06,3.3035673842094385e-09,0.0006607134768418876
33450.0,0.019948840397200737,4.438065128761417e-05,-3.482911377756283e-13,3.4829113777558127e-13,-6.965822755512565e-11,6.965822755511626e-11,-3.482911377756283e-13,3.4829113777558127e-13,4.9983052621219655e-09,5.00330356738421e-06,5e-06,3.3035673842094385e-09,0.0006607134768418876
33480.0,0.019948798602439723,4.4422446048627846e-05,-3.482896751139888e-13,3.482896751139415e-13,-6.965793502279776e-11,6.96579350227883e-11,-3.482896751139888e-13,3.482896751139415e-13,4.998305262121954e-09,5.00330356738421e-06,5e-06,3.3035673842094385e-09,0.0006607134768418876
33510.0,0.019948756807854233,4.446424063412286e-05,-3.482882124584933e-13,3.482882124584443e-13,-6.965764249169866e-11,6.965764249168887e-11,-3.482882124584933e-13,3.482882124584443e-13,4.9983052621219704e-09,5.003303567384211e-06,5e-06,3.3035673842102855e-09,0.0006607134768420571
33540.0,0.019948715013444255,4.450603504409994e-05,-3.4828674980913773e-13,3.4828674980908967e-13,-6.965734996182754e-11,6.965734996181793e-11,-3.4828674980913773e-13,3.4828674980908967e-13,4.9983052621219746e-09,5.003303567384211e-06,5e-06,3.3035673842102855e-09,0.0006607134768420571
33570.0,0.019948673219209793,4.454782927855984e-05,-3.482852871659229e-13,3.4828528716587727e-13,-6.965705743318458e-11,6.965705743317546e-11,-3.482852871659229e-13,3.4828528716587727e-13,4.998305262121966e-09,5.00330356738421e-06,5e-06,3.3035673842094385e-09,0.0006607134768418876
33600.0,0.01994863142515085,4.45896233375033e-05,-3.4828382452885116e-13,3.4828382452880714e-13,-6.965676490577023e-11,6.965676490576143e-11,-3.4828382452885116e-13,3.4828382452880714e-13,4.998305262121966e-09,5.00330356738421e-06,5e-06,3.3035673842094385e-09,0.0006607134768418876
33630.0,0.01994858963126742,4.463141722093105e-05,-3.482823618979271e-13,3.4828236189787977e-13,-6.965647237958542e-11,6.965647237957596e-11,-3.482823618979271e-13,3.4828236189787977e-13,4.998305262121969e-09,5.003303567384209e-06,5e-06,3.3035673842085915e-09,0.0006607134768417183
33660.0,0.01994854783755951,4.467321092884382e-05,-3.482808992731419e-13,3.4828089927309476e-13,-6.965617985462838e-11,6.965617985461895e-11,-3.482808992731419e-13,3.4828089927309476e-13,4.99830526212197e-09,5.003303567384211e-06,5e-06,3.3035673842102855e-09,0.0006607134768420571
33690.0,0.01994850604402711,4.471500446124235e-05,-3.482794366544985e-13,3.48279436654452e-13,-6.96558873308997e-11,6.96558873308904e-11,-3.482794366544985e-13,3.48279436654452e-13,4.998305262121962e-09,5.00330356738421e-06,5e-06,3.3035673842094385e-09,0.0006607134768418876
33720.0,0.019948464250670223,4.475679781812739e-05,-3.4827797404199666e-13,3.4827797404195143e-13,-6.965559480839933e-11,6.965559480839029e-11,-3.4827797404199666e-13,3.4827797404195143e-13,4.998305262121973e-09,5.00330356738421e-06,5e-06,3.3035673842094385e-09,0.0006607134768418876
33750.0,0.01994842245748885,4.4798590999499665e-05,-3.482765114356375e-13,3.482765114355932e-13,-6.96553022871275e-11,6.965530228711864e-11,-3.482765114356375e-13,3.482765114355932e-13,4.998305262121967e-09,5.003303567384209e-06,5e-06,3.3035673842085915e-09,0.0006607134768417183
33780.0,0.019948380664482988,4.4840384005359904e-05,-3.4827504883542055e-13,3.4827504883537733e-13,-6.965500976708411e-11,6.965500976707546e-11,-3.4827504883542055e-13,3.4827504883537733e-13,4.998305262121973e-09,5.003303567384209e-06,5e-06,3.3035673842085915e-09,0.0006607134768417183
33810.0,0.019948338871652642,4.488217683570886e-05,-3.4827358624134816e-13,3.4827358624130363e-13,-6.965471724826963e-11,6.965471724826072e-11,-3.4827358624134816e-13,3.4827358624130363e-13,4.998305262121961e-09,5.00330356738421e-06,5e-06,3.3035673842094385e-09,0.0006607134768418876
33840.0,0.019948297078997805,4.492396949054726e-05,-3.482721236534152e-13,3.4827212365337203e-13,-6.965442473068304e-11,6.96544247306744e-11,-3.482721236534152e-13,3.4827212365337203e-13,4.99830526212197e-09,5.00330356738421e-06,5e-06,3.3035673842094385e-09,0.0006607134768418876
33870.0,0.019948255286518474,4.4965761969875854e-05,-3.482706610716259e-13,3.4827066107158284e-13,-6.965413221432518e-11,6.965413221431657e-11,-3.482706610716259e-13,3.4827066107158284e-13,4.998305262121985e-09,5.003303567384209e-06,5e-06,3.3035673842085915e-09,0.0006607134768417183
33900.0,0.019948213494214655,4.5007554273695366e-05,-3.4826919849597797e-13,3.482691984959357e-13,-6.96538396991956e-11,6.965383969918714e-11,-3.4826919849597797e-13,3.482691984959357e-13,4.998305262121979e-09,5.00330356738421e-06,5e-06,3.3035673842094385e-09,0.0006607134768418876
33930.0,0.01994817170208634,4.5049346402006534e-05,-3.48267735926473e-13,3.482677359264309e-13,-6.96535471852946e-11,6.965354718528618e-11,-3.48267735926473e-13,3.482677359264309e-13,4.998305262121973e-09,5.003303567384209e-06,5e-06,3.3035673842085915e-09,0.0006607134768417183
33960.0,0.01994812991013354,4.509113835481011e-05,-3.482662733631093e-13,3.4826627336306794e-13,-6.965325467262185e-11,6.965325467261358e-11,-3.482662733631093e-13,3.4826627336306794e-13,4.998305262121985e-09,5.00330356738421e-06,5e-06,3.3035673842094385e-09,0.0006607134768418876
33990.0,0.019948088118356244,4.513293013210681e-05,-3.4826481080589036e-13,3.482648108058472e-13,-6.965296216117807e-11,6.965296216116944e-11,-3.4826481080589036e-13,3.482648108058472e-13,4.9983052621219845e-09,5.00330356738421e-06,5e-06,3.3035673842094385e-09,0.0006607134768418876
34020.0,0.01994804632675445,4.5174721733897376e-05,-3.482633482548122e-13,3.482633482547684e-13,-6.965266965096245e-11,6.965266965095368e-11,-3.482633482548122e-13,3.482633482547684e-13,4.998305262121981e-09,5.003303567384209e-06,5e-06,3.3035673842085915e-09,0.0006607134768417183
34050.0,0.019948004535328166,4.5216513160182555e-05,-3.4826188570987417e-13,3.4826188570983176e-13,-6.965237714197483e-11,6.965237714196635e-11,-3.4826188570987417e-13,3.4826188570983176e-13,4.99830526212198e-09,5.00330356738421e-06,5e-06,3.3035673842094385e-09,0.0006607134768418876
34080.0,0.019947962744077383,4.525830441096308e-05,-3.4826042317108046e-13,3.4826042317103724e-13,-6.965208463421609e-11,6.965208463420744e-11,-3.4826042317108046e-13,3.4826042317103724e-13,4.998305262121985e-09,5.003303567384208e-06,5e-06,3.3035673842077444e-09,0.0006607134768415488
34110.0,0.01994792095300211,4.530009548623969e-05,-3.4825896063842653e-13,3.482589606383845e-13,-6.96517921276853e-11,6.96517921276769e-11,-3.4825896063842653e-13,3.482589606383845e-13,4.998305262121973e-09,5.003303567384209e-06,5e-06,3.3035673842085915e-09,0.0006607134768417183
34140.0,0.019947879162102333,4.534188638601312e-05,-3.482574981119158e-13,3.482574981118739e-13,-6.965149962238316e-11,6.965149962237478e-11,-3.482574981119158e-13,3.482574981118739e-13,4.998305262121979e-09,5.003303567384209e-06,5e-06,3.3035673842085915e-09,0.0006607134768417183
34170.0,0.019947837371378063,4.5383677110284104e-05,-3.482560355915456e-13,3.4825603559150506e-13,-6.965120711830911e-11,6.965120711830101e-11,-3.482560355915456e-13,3.4825603559150506e-13,4.9983052621219746e-09,5.003303567384208e-06,5e-06,3.3035673842077444e-09,0.0006607134768415488
34200.0,0.019947795580829295,4.542546765905338e-05,-3.4825457307732067e-13,3.4825457307727816e-13,-6.965091461546413e-11,6.965091461545563e-11,-3.4825457307732067e-13,3.4825457307727816e-13,4.998305262121982e-09,5.003303567384209e-06,5e-06,3.3035673842085915e-09,0.0006607134768417183
34230.0,0.019947753790456026,4.546725803232169e-05,-3.482531105692356e-13,3.4825311056919317e-13,-6.965062211384711e-11,6.965062211383864e-11,-3.482531105692356e-13,3.4825311056919317e-13,4.998305262121979e-09,5.003303567384209e-06,5e-06,3.3035673842085915e-09,0.0006607134768417183
34260.0,0.01994771200025826,4.5509048230089757e-05,-3.4825164806729043e-13,3.4825164806725004e-13,-6.965032961345808e-11,6.965032961345e-11,-3.4825164806729043e-13,3.4825164806725004e-13,4.998305262121978e-09,5.00330356738421e-06,5e-06,3.3035673842094385e-09,0.0006607134768418876
34290.0,0.019947670210235992,4.555083825235834e-05,-3.4825018557148986e-13,3.482501855714486e-13,-6.965003711429797e-11,6.965003711428972e-11,-3.4825018557148986e-13,3.482501855714486e-13,4.998305262121984e-09,5.00330356738421e-06,5e-06,3.3035673842094385e-09,0.0006607134768418876
34320.0,0.019947628420389225,4.559262809912815e-05,-3.482487230818312e-13,3.482487230817891e-13,-6.964974461636623e-11,6.964974461635782e-11,-3.482487230818312e-13,3.482487230817891e-13,4.998305262121982e-09,5.003303567384211e-06,5e-06,3.3035673842102855e-09,0.0006607134768420571
34350.0,0.019947586630717953,4.5634417770399936e-05,-3.482472605983118e-13,3.482472605982713e-13,-6.964945211966236e-11,6.964945211965427e-11,-3.482472605983118e-13,3.482472605982713e-13,4.9983052621219845e-09,5.003303567384211e-06,5e-06,3.3035673842102855e-09,0.0006607134768420571
34380.0,0.019947544841222183,4.5676207266174446e-05,-3.482457981209364e-13,3.4824579812089546e-13,-6.964915962418728e-11,6.964915962417909e-11,-3.482457981209364e-13,3.4824579812089546e-13,4.998305262121981e-09,5.0033035673842115e-06,5e-06,3.3035673842111326e-09,0.0006607134768422265
34410.0,0.019947503051901905,4.57179965864524e-05,-3.4824433564970377e-13,3.482443356496612e-13,-6.964886712994075e-11,6.964886712993224e-11,-3.4824433564970377e-13,3.482443356496612e-13,4.998305262121981e-09,5.0033035673842115e-06,5e-06,3.3035673842111326e-09,0.0006607134768422265
34440.0,0.019947461262757118,4.5759785731234545e-05,-3.482428731846092e-13,3.4824287318456856e-13,-6.964857463692184e-11,6.964857463691371e-11,-3.482428731846092e-13,3.4824287318456856e-13,4.998305262121977e-09,5.003303567384211e-06,5e-06,3.3035673842102855e-09,0.0006607134768420571
34470.0,0.019947419473787833,4.5801574700521625e-05,-3.4824141072565825e-13,3.4824141072561786e-13,-6.964828214513165e-11,6.964828214512357e-11,-3.4824141072565825e-13,3.4824141072561786e-13,4.998305262121984e-09,5.003303567384211e-06,5e-06,3.3035673842102855e-09,0.0006607134768420571
34500.0,0.019947377684994043,4.584336349431437e-05,-3.4823994827285027e-13,3.482399482728086e-13,-6.964798965457005e-11,6.964798965456173e-11,-3.4823994827285027e-13,3.482399482728086e-13,4.99830526212198e-09,5.0033035673842115e-06,5e-06,3.3035673842111326e-09,0.0006607134768422265
34530.0,0.019947335896375745,4.5885152112613506e-05,-3.48238485826183e-13,3.48238485826141e-13,-6.96476971652366e-11,6.96476971652282e-11,-3.48238485826183e-13,3.48238485826141e-13,4.9983052621219845e-09,5.0033035673842115e-06,5e-06,3.3035673842111326e-09,0.0006607134768422265
34560.0,0.019947294107932938,4.5926940555419776e-05,-3.482370233856559e-13,3.4823702338561485e-13,-6.964740467713117e-11,6.964740467712297e-11,-3.482370233856559e-13,3.4823702338561485e-13,4.998305262121982e-09,5.0033035673842115e-06,5e-06,3.3035673842111326e-09,0.0006607134768422265
34590.0,0.019947252319665622,4.5968728822733926e-05,-3.482355609512711e-13,3.482355609512305e-13,-6.964711219025422e-11,6.96471121902461e-11,-3.482355609512711e-13,3.482355609512305e-13,4.998305262121982e-09,5.0033035673842115e-06,5e-06,3.3035673842111326e-09,0.0006607134768422265
34620.0,0.0199472105315738,4.601051691455668e-05,-3.482340985230282e-13,3.4823409852298765e-13,-6.964681970460563e-11,6.964681970459753e-11,-3.482340985230282e-13,3.4823409852298765e-13,4.998305262121986e-09,5.0033035673842115e-06,5e-06,3.3035673842111326e-09,0.0006607134768422265
34650.0,0.019947168743657463,4.605230483088879e-05,-3.4823263610092475e-13,3.4823263610088643e-13,-6.964652722018495e-11,6.964652722017729e-11,-3.4823263610092475e-13,3.4823263610088643e-13,4.99830526212198e-09,5.003303567384211e-06,5e-06,3.3035673842102855e-09,0.0006607134768420571
34680.0,0.01994712695591662,4.609409257173098e-05,-3.482311736849667e-13,3.4823117368492646e-13,-6.964623473699334e-11,6.964623473698529e-11,-3.482311736849667e-13,3.4823117368492646e-13,4.998305262121984e-09,5.00330356738421e-06,5e-06,3.3035673842094385e-09,0.0006607134768418876
34710.0,0.019947085168351267,4.6135880137083994e-05,-3.482297112751468e-13,3.482297112751081e-13,-6.964594225502936e-11,6.964594225502161e-11,-3.482297112751468e-13,3.482297112751081e-13,4.998305262121991e-09,5.00330356738421e-06,5e-06,3.3035673842094385e-09,0.0006607134768418876
34740.0,0.0199470433809614,4.617766752694857e-05,-3.482282488714702e-13,3.482282488714312e-13,-6.964564977429403e-11,6.964564977428624e-11,-3.482282488714702e-13,3.482282488714312e-13,4.998305262121984e-09,5.003303567384209e-06,5e-06,3.3035673842085915e-09,0.0006607134768417183
34770.0,0.019947001593747026,4.621945474132544e-05,-3.4822678647393484e-13,3.4822678647389556e-13,-6.964535729478697e-11,6.964535729477911e-11,-3.4822678647393484e-13,3.4822678647389556e-13,4.998305262121982e-09,5.00330356738421e-06,5e-06,3.3035673842094385e-09,0.0006607134768418876
34800.0,0.019946959806708135,4.626124178021534e-05,-3.4822532408254144e-13,3.482253240825014e-13,-6.964506481650828e-11,6.964506481650028e-11,-3.4822532408254144e-13,3.482253240825014e-13,4.998305262121986e-09,5.00330356738421e-06,5e-06,3.3035673842094385e-09,0.0006607134768418876
34830.0,0.019946918019844728,4.630302864361901e-05,-3.4822386169728747e-13,3.482238616972487e-13,-6.96447723394575e-11,6.964477233944974e-11,-3.4822386169728747e-13,3.482238616972487e-13,4.998305262121996e-09,5.003303567384209e-06,5e-06,3.3035673842085915e-09,0.0006607134768417183
34860.0,0.01994687623315681,4.6344815331537184e-05,-3.482223993181762e-13,3.482223993181371e-13,-6.964447986363524e-11,6.964447986362742e-11,-3.482223993181762e-13,3.482223993181371e-13,4.998305262121979e-09,5.003303567384208e-06,5e-06,3.3035673842077444e-09,0.0006607134768415488
34890.0,0.019946834446644374,4.6386601843970615e-05,-3.4822093694520444e-13,3.482209369451671e-13,-6.964418738904089e-11,6.964418738903342e-11,-3.4822093694520444e-13,3.482209369451671e-13,4.998305262121986e-09,5.003303567384209e-06,5e-06,3.3035673842085915e-09,0.0006607134768417183
34920.0,0.019946792660307428,4.642838818092001e-05,-3.482194745783762e-13,3.482194745783382e-13,-6.964389491567524e-11,6.964389491566764e-11,-3.482194745783762e-13,3.482194745783382e-13,4.998305262121979e-09,5.003303567384209e-06,5e-06,3.3035673842085915e-09,0.0006607134768417183
34950.0,0.019946750874145963,4.647017434238613e-05,-3.4821801221769045e-13,3.4821801221765067e-13,-6.964360244353809e-11,6.964360244353014e-11,-3.4821801221769045e-13,3.4821801221765067e-13,4.99830526212198e-09,5.00330356738421e-06,5e-06,3.3035673842094385e-09,0.0006607134768418876
34980.0,0.019946709088159976,4.6511960328369705e-05,-3.482165498631439e-13,3.4821654986310427e-13,-6.964330997262878e-11,6.964330997262085e-11,-3.482165498631439e-13,3.4821654986310427e-13,4.998305262121988e-09,5.003303567384208e-06,5e-06,3.3035673842077444e-09,0.0006607134768415488
35010.0,0.019946667302349477,4.6553746138871465e-05,-3.48215087514737e-13,3.482150875146993e-13,-6.964301750294739e-11,6.964301750293986e-11,-3.48215087514737e-13,3.482150875146993e-13,4.9983052621219894e-09,5.003303567384209e-06,5e-06,3.3035673842085915e-09,0.0006607134768417183
35040.0,0.019946625516714455,4.6595531773892157e-05,-3.4821362517247585e-13,3.4821362517243536e-13,-6.964272503449517e-11,6.964272503448707e-11,-3.4821362517247585e-13,3.4821362517243536e-13,4.998305262121996e-09,5.003303567384209e-06,5e-06,3.3035673842085915e-09,0.0006607134768417183
35070.0,0.019946583731254918,4.663731723343252e-05,-3.482121628363499e-13,3.4821216283631246e-13,-6.964243256726998e-11,6.964243256726249e-11,-3.482121628363499e-13,3.4821216283631246e-13,4.998305262121981e-09,5.00330356738421e-06,5e-06,3.3035673842094385e-09,0.0006607134768418876
35100.0,0.01994654194597086,4.667910251749327e-05,-3.4821070050636963e-13,3.4821070050633095e-13,-6.964214010127392e-11,6.964214010126619e-11,-3.4821070050636963e-13,3.4821070050633095e-13,4.998305262121989e-09,5.00330356738421e-06,5e-06,3.3035673842094385e-09,0.0006607134768418876
35130.0,0.019946500160862277,4.672088762607517e-05,-3.4820923818252917e-13,3.482092381824904e-13,-6.964184763650583e-11,6.964184763649808e-11,-3.4820923818252917e-13,3.482092381824904e-13,4.9983052621219936e-09,5.00330356738421e-06,5e-06,3.3035673842094385e-09,0.0006607134768418876
35160.0,0.019946458375929173,4.6762672559178946e-05,-3.4820777586482936e-13,3.4820777586479084e-13,-6.964155517296587e-11,6.964155517295817e-11,-3.4820777586482936e-13,3.4820777586479084e-13,4.998305262121993e-09,5.003303567384211e-06,5e-06,3.3035673842102855e-09,0.0006607134768420571
35190.0,0.019946416591171547,4.680445731680533e-05,-3.482063135532703e-13,3.482063135532325e-13,-6.964126271065406e-11,6.96412627106465e-11,-3.482063135532703e-13,3.482063135532325e-13,4.998305262121992e-09,5.003303567384211e-06,5e-06,3.3035673842102855e-09,0.0006607134768420571
35220.0,0.019946374806589395,4.684624189895506e-05,-3.4820485124785304e-13,3.4820485124781507e-13,-6.964097024957061e-11,6.964097024956301e-11,-3.4820485124785304e-13,3.4820485124781507e-13,4.998305262121985e-09,5.00330356738421e-06,5e-06,3.3035673842094385e-09,0.0006607134768418876
35250.0,0.019946333022182725,4.688802630562888e-05,-3.482033889485789e-13,3.4820338894853876e-13,-6.964067778971578e-11,6.964067778970776e-11,-3.482033889485789e-13,3.4820338894853876e-13,4.998305262121988e-09,5.003303567384211e-06,5e-06,3.3035673842102855e-09,0.0006607134768420571
35280.0,0.019946291237951528,4.692981053682753e-05,-3.4820192665544303e-13,3.4820192665540335e-13,-6.96403853310886e-11,6.964038533108067e-11,-3.4820192665544303e-13,3.4820192665540335e-13,4.998305262121989e-09,5.0033035673842115e-06,5e-06,3.3035673842111326e-09,0.0006607134768422265
35310.0,0.019946249453895806,4.697159459255174e-05,-3.48200464368448e-13,3.482004643684089e-13,-6.96400928736896e-11,6.964009287368178e-11,-3.48200464368448e-13,3.482004643684089e-13,4.9983052621219894e-09,5.003303567384211e-06,5e-06,3.3035673842102855e-09,0.0006607134768420571
35340.0,0.019946207670015554,4.7013378472802244e-05,-3.481990020875958e-13,3.4819900208755547e-13,-6.963980041751916e-11,6.96398004175111e-11,-3.481990020875958e-13,3.4819900208755547e-13,4.998305262121978e-09,5.0033035673842115e-06,5e-06,3.3035673842111326e-09,0.0006607134768422265
35370.0,0.019946165886310777,4.705516217757978e-05,-3.481975398128818e-13,3.481975398128429e-13,-6.963950796257636e-11,6.963950796256858e-11,-3.481975398128818e-13,3.481975398128429e-13,4.998305262121995e-09,5.003303567384211e-06,5e-06,3.3035673842102855e-09,0.0006607134768420571
35400.0,0.01994612410278147,4.7096945706885094e-05,-3.4819607754430944e-13,3.481960775442711e-13,-6.963921550886189e-11,6.963921550885423e-11,-3.4819607754430944e-13,3.481960775442711e-13,4.998305262121996e-09,5.003303567384211e-06,5e-06,3.3035673842102855e-09,0.0006607134768420571
35430.0,0.019946082319427638,4.713872906071892e-05,-3.4819461528187847e-13,3.4819461528184045e-13,-6.963892305637569e-11,6.963892305636809e-11,-3.4819461528187847e-13,3.4819461528184045e-13,4.9983052621219894e-09,5.003303567384211e-06,5e-06,3.3035673842102855e-09,0.0006607134768420571
35460.0,0.019946040536249276,4.7180512239081995e-05,-3.4819315302558975e-13,3.481931530255502e-13,-6.963863060511794e-11,6.963863060511005e-11,-3.4819315302558975e-13,3.481931530255502e-13,4.9983052621219894e-09,5.0033035673842115e-06,5e-06,3.3035673842111326e-09,0.0006607134768422265
35490.0,0.019945998753246385,4.722229524197504e-05,-3.4819169077543834e-13,3.4819169077540093e-13,-6.963833815508767e-11,6.963833815508018e-11,-3.4819169077543834e-13,3.4819169077540093e-13,4.998305262121996e-09,5.003303567384212e-06,5e-06,3.3035673842119796e-09,0.0006607134768423959
35520.0,0.01994595697041896,4.726407806939881e-05,-3.481902285314306e-13,3.4819022853139245e-13,-6.963804570628612e-11,6.963804570627849e-11,-3.481902285314306e-13,3.4819022853139245e-13,4.99830526212198e-09,5.0033035673842115e-06,5e-06,3.3035673842111326e-09,0.0006607134768422265
35550.0,0.01994591518776701,4.730586072135404e-05,-3.481887662935643e-13,3.481887662935246e-13,-6.963775325871285e-11,6.963775325870492e-11,-3.481887662935643e-13,3.481887662935246e-13,4.998305262121992e-09,5.003303567384213e-06,5e-06,3.3035673842128266e-09,0.0006607134768425653
35580.0,0.019945873405290523,4.734764319784146e-05,-3.481873040618385e-13,3.481873040617977e-13,-6.96374608123677e-11,6.963746081235954e-11,-3.481873040618385e-13,3.481873040617977e-13,4.998305262121993e-09,5.003303567384213e-06,5e-06,3.3035673842128266e-09,0.0006607134768425653
35610.0,0.0199458316229895,4.738942549886181e-05,-3.4818584183625134e-13,3.481858418362114e-13,-6.963716836725026e-11,6.963716836724228e-11,-3.4818584183625134e-13,3.481858418362114e-13,4.998305262121986e-09,5.003303567384212e-06,5e-06,3.3035673842119796e-09,0.0006607134768423959
35640.0,0.01994578984086395,4.743120762441582e-05,-3.4818437961680366e-13,3.481843796167658e-13,-6.963687592336073e-11,6.963687592335316e-11,-3.4818437961680366e-13,3.481843796167658e-13,4.998305262121996e-09,5.003303567384213e-06,5e-06,3.3035673842128266e-09,0.0006607134768425653
35670.0,0.019945748058913863,4.7472989574504244e-05,-3.481829174034996e-13,3.481829174034607e-13,-6.963658348069992e-11,6.963658348069213e-11,-3.481829174034996e-13,3.481829174034607e-13,4.998305262121995e-09,5.003303567384214e-06,5e-06,3.3035673842136737e-09,0.0006607134768427347
35700.0,0.01994570627713924,4.7514771349127806e-05,-3.4818145519633434e-13,3.481814551962964e-13,-6.963629103926686e-11,6.963629103925929e-11,-3.4818145519633434e-13,3.481814551962964e-13,4.998305262121988e-09,5.003303567384214e-06,5e-06,3.3035673842136737e-09,0.0006607134768427347
35730.0,0.01994566449554008,4.755655294828724e-05,-3.4817999299531107e-13,3.481799929952726e-13,-6.963599859906221e-11,6.963599859905452e-11,-3.4817999299531107e-13,3.481799929952726e-13,4.998305262121993e-09,5.003303567384214e-06,5e-06,3.3035673842136737e-09,0.0006607134768427347
35760.0,0.01994562271411638,4.759833437198329e-05,-3.4817853080042733e-13,3.481785308003894e-13,-6.963570616008546e-11,6.963570616007789e-11,-3.4817853080042733e-13,3.481785308003894e-13,4.998305262121991e-09,5.003303567384212e-06,5e-06,3.3035673842119796e-09,0.0006607134768423959
35790.0,0.019945580932868145,4.7640115620216686e-05,-3.481770686116841e-13,3.481770686116466e-13,-6.963541372233681e-11,6.963541372232932e-11,-3.481770686116841e-13,3.481770686116466e-13,4.998305262122001e-09,5.003303567384212e-06,5e-06,3.3035673842119796e-09,0.0006607134768423959
35820.0,0.019945539151795373,4.768189669298817e-05,-3.481756064290808e-13,3.4817560642904454e-13,-6.963512128581616e-11,6.96351212858089e-11,-3.481756064290808e-13,3.4817560642904454e-13,4.998305262121995e-09,5.003303567384212e-06,5e-06,3.3035673842119796e-09,0.0006607134768423959
35850.0,0.019945497370898062,4.772367759029848e-05,-3.4817414425261995e-13,3.4817414425258284e-13,-6.963482885052399e-11,6.963482885051657e-11,-3.4817414425261995e-13,3.4817414425258284e-13,4.998305262121992e-09,5.0033035673842115e-06,5e-06,3.3035673842111326e-09,0.0006607134768422265
35880.0,0.019945455590176214,4.776545831214835e-05,-3.4817268208229874e-13,3.481726820822616e-13,-6.963453641645975e-11,6.963453641645232e-11,-3.4817268208229874e-13,3.481726820822616e-13,4.998305262121991e-09,5.003303567384212e-06,5e-06,3.3035673842119796e-09,0.0006607134768423959
35910.0,0.019945413809629827,4.7807238858538524e-05,-3.4817121991811844e-13,3.481712199180808e-13,-6.963424398362369e-11,6.963424398361617e-11,-3.4817121991811844e-13,3.481712199180808e-13,4.998305262121997e-09,5.003303567384214e-06,5e-06,3.3035673842136737e-09,0.0006607134768427347
35940.0,0.019945372029258897,4.784901922946973e-05,-3.481697577600792e-13,3.4816975776004055e-13,-6.963395155201584e-11,6.963395155200811e-11,-3.481697577600792e-13,3.4816975776004055e-13,4.9983052621219985e-09,5.003303567384214e-06,5e-06,3.3035673842136737e-09,0.0006607134768427347
35970.0,0.019945330249063427,4.789079942494271e-05,-3.481682956081805e-13,3.481682956081405e-13,-6.96336591216361e-11,6.963365912162809e-11,-3.481682956081805e-13,3.481682956081405e-13,4.9983052621219936e-09,5.003303567384214e-06,5e-06,3.3035673842136737e-09,0.0006607134768427347
36000.0,0.019945288469043414,4.79325794449582e-05,-3.4816683346241997e-13,3.4816683346238094e-13,-6.9633366692484e-11,6.963336669247619e-11,-3.4816683346241997e-13,3.4816683346238094e-13,4.998305262121996e-09,5.003303567384215e-06,5e-06,3.3035673842145207e-09,0.0006607134768429041
